[debug] [2026-04-12T12:22:58.486Z] ----------------------------------------------------------------------
[debug] [2026-04-12T12:22:58.489Z] Command:       C:\Program Files\nodejs\node.exe C:\Users\Friðrik\AppData\Roaming\npm\node_modules\firebase-tools\lib\bin\firebase.js deploy --only hosting --project maliasport
[debug] [2026-04-12T12:22:58.490Z] CLI Version:   15.12.0
[debug] [2026-04-12T12:22:58.490Z] Platform:      win32
[debug] [2026-04-12T12:22:58.490Z] Node Version:  v24.14.0
[debug] [2026-04-12T12:22:58.490Z] Time:          Sun Apr 12 2026 12:22:58 GMT+0000 (Greenwich Mean Time)
[debug] [2026-04-12T12:22:58.491Z] ----------------------------------------------------------------------
[debug] 
[debug] [2026-04-12T12:23:00.849Z] > command requires scopes: ["email","openid","https://www.googleapis.com/auth/cloudplatformprojects.readonly","https://www.googleapis.com/auth/firebase","https://www.googleapis.com/auth/cloud-platform"]
[debug] [2026-04-12T12:23:00.849Z] > authorizing via signed-in user (maliasportehf@gmail.com)
[debug] [2026-04-12T12:23:00.849Z] [iam] checking project maliasport for permissions ["firebase.projects.get","firebasehosting.sites.update"]
[debug] [2026-04-12T12:23:00.851Z] Checked if tokens are valid: false, expires at: 1775942192344
[debug] [2026-04-12T12:23:00.851Z] Checked if tokens are valid: false, expires at: 1775942192344
[debug] [2026-04-12T12:23:00.851Z] > refreshing access token with scopes: []
[debug] [2026-04-12T12:23:00.853Z] >>> [apiv2][query] POST https://www.googleapis.com/oauth2/v3/token [none]
[debug] [2026-04-12T12:23:00.853Z] >>> [apiv2][body] POST https://www.googleapis.com/oauth2/v3/token [omitted]
[debug] [2026-04-12T12:23:01.034Z] <<< [apiv2][status] POST https://www.googleapis.com/oauth2/v3/token 200
[debug] [2026-04-12T12:23:01.034Z] <<< [apiv2][body] POST https://www.googleapis.com/oauth2/v3/token [omitted]
[debug] [2026-04-12T12:23:01.044Z] >>> [apiv2][query] POST https://cloudresourcemanager.googleapis.com/v1/projects/maliasport:testIamPermissions [none]
[debug] [2026-04-12T12:23:01.044Z] >>> [apiv2][(partial)header] POST https://cloudresourcemanager.googleapis.com/v1/projects/maliasport:testIamPermissions  x-goog-user-project=maliasport
[debug] [2026-04-12T12:23:01.044Z] >>> [apiv2][body] POST https://cloudresourcemanager.googleapis.com/v1/projects/maliasport:testIamPermissions {"permissions":["firebase.projects.get","firebasehosting.sites.update"]}
[debug] [2026-04-12T12:23:01.951Z] <<< [apiv2][status] POST https://cloudresourcemanager.googleapis.com/v1/projects/maliasport:testIamPermissions 200
[debug] [2026-04-12T12:23:01.952Z] <<< [apiv2][body] POST https://cloudresourcemanager.googleapis.com/v1/projects/maliasport:testIamPermissions {"permissions":["firebase.projects.get","firebasehosting.sites.update"]}
[debug] [2026-04-12T12:23:01.953Z] Checked if tokens are valid: true, expires at: 1776000180034
[debug] [2026-04-12T12:23:01.953Z] Checked if tokens are valid: true, expires at: 1776000180034
[debug] [2026-04-12T12:23:01.954Z] >>> [apiv2][query] GET https://firebase.googleapis.com/v1beta1/projects/maliasport [none]
[debug] [2026-04-12T12:23:02.463Z] <<< [apiv2][status] GET https://firebase.googleapis.com/v1beta1/projects/maliasport 200
[debug] [2026-04-12T12:23:02.463Z] <<< [apiv2][body] GET https://firebase.googleapis.com/v1beta1/projects/maliasport {"projectId":"maliasport","projectNumber":"120452345721","displayName":"maliasport","name":"projects/maliasport","resources":{"hostingSite":"maliasport"},"state":"ACTIVE","etag":"1_27339dbd-e7cf-41c7-a1b9-3950acd02f2f"}
[info] 
[info] === Deploying to 'maliasport'...
[info] 
[info] i  deploying hosting 
[debug] [2026-04-12T12:23:02.468Z] Checked if tokens are valid: true, expires at: 1776000180034
[debug] [2026-04-12T12:23:02.468Z] Checked if tokens are valid: true, expires at: 1776000180034
[debug] [2026-04-12T12:23:02.468Z] >>> [apiv2][query] POST https://firebasehosting.googleapis.com/v1beta1/projects/-/sites/maliasport/versions [none]
[debug] [2026-04-12T12:23:02.468Z] >>> [apiv2][body] POST https://firebasehosting.googleapis.com/v1beta1/projects/-/sites/maliasport/versions {"status":"CREATED","labels":{"deployment-tool":"cli-firebase"}}
[debug] [2026-04-12T12:23:04.667Z] <<< [apiv2][status] POST https://firebasehosting.googleapis.com/v1beta1/projects/-/sites/maliasport/versions 200
[debug] [2026-04-12T12:23:04.667Z] <<< [apiv2][body] POST https://firebasehosting.googleapis.com/v1beta1/projects/-/sites/maliasport/versions {"name":"projects/120452345721/sites/maliasport/versions/6dad54d02a156dd5","status":"CREATED","config":{},"labels":{"deployment-tool":"cli-firebase"}}
[info] i  hosting[maliasport]: beginning deploy... 
[info] i  hosting[maliasport]: found 21 files in dist 
[debug] [2026-04-12T12:23:04.701Z] [hosting] uploading with 200 concurrency
[debug] [2026-04-12T12:23:04.716Z] Checked if tokens are valid: true, expires at: 1776000180034
[debug] [2026-04-12T12:23:04.717Z] Checked if tokens are valid: true, expires at: 1776000180034
[debug] [2026-04-12T12:23:04.718Z] [hosting] hash cache [ZGlzdA] stored for 21 files
[debug] [2026-04-12T12:23:04.718Z] [hosting][hash queue][FINAL] {"max":9,"min":3,"avg":3.380952380952381,"active":0,"complete":21,"success":21,"errored":0,"retried":0,"total":21,"elapsed":15}
[debug] [2026-04-12T12:23:04.719Z] >>> [apiv2][query] POST https://firebasehosting.googleapis.com/v1beta1/projects/120452345721/sites/maliasport/versions/6dad54d02a156dd5:populateFiles [none]
[debug] [2026-04-12T12:23:04.719Z] >>> [apiv2][body] POST https://firebasehosting.googleapis.com/v1beta1/projects/120452345721/sites/maliasport/versions/6dad54d02a156dd5:populateFiles {"files":{"/p9.jpg":"62d7743d7b0552153df4477f4faf7cc4b1168d5a216a83b6a8abfad84234f99c","/p8.jpg":"5a4a1e25650235419b541cde78721b282a7337dd31e496d3ad5eee5ab070abb1","/p7.jpg":"2d4b9d5145093a43cb2c8f70dea4e732de24ca5b1f7ee58b7acfb9f965aaed84","/p6.jpg":"3ab0e5ebe3c21cb40809de72526db42042be461442993d1263982f8d0f27b6c1","/p5.jpg":"8bcc270f385985d17a8fd18b57920a8cacb1797743998d13f09c277a99178363","/p4.jpg":"60ee791d9a2b55e4ea1c7e4572d0aaa30f461f515d17be58f20d6a301555abd9","/p3.jpg":"6509cfafb6dab7e4974b9a757100b73a54ec9548490a7bfdafcc0827b4ba9900","/p2.jpg":"b7772a5343a30b1e140a445c15c4d1b82d9930373be53ec04f2b50d22b363540","/p17.jpg":"895b7354e385a6e55dcc716754de01f2c90005b47271893f530885d567f230c0","/p16.jpg":"3abfdd5ee59fb75df86a8d3ec8f060ace7a446925b106d20692ed0767ec42257","/p15.jpg":"1cab63fe2253b82056921383829527bc84d8132d987c2a2fdb8525eea39a89e7","/p14.jpg":"094c8fcc55e1c1adf8b214f312a5b5c48f1e82b4e8f9b93d1b198a69d1e78f37","/p13.jpg":"8096cdcb0991814d985f087884e6afe33f5503c30be30d93c8234646522c664c","/p12.jpg":"993262f4ed572abcf2ee361e3beb2736a19f8b635ed48574120f2305ab34d542","/p11.jpg":"03cf72b96fed21b3ed2fcb8102144a503b25dc612a198c2278544313f7f06a61","/p10.jpg":"35dc21c0fdef0dd8d1d5dc684493aa0c480195f405ed385d5a8ebbc529d1aaeb","/p1.jpg":"d8524d90096ca7c0017cb2124f3eb494550f03beed8a70cc1f00b4bb9fc8b6cb","/logo.png":"b1111297707a101abad6314a5e7589c7a9ac436919ee3fabed6446c93c97fbaf","/index.html":"e4f54ec16673097ec2f34ea383c0ed2a0aeac01f50bc5d56510d7d34a42d18ff","/assets/index-DDX8JDlY.css":"4d4c89022497c2d680761d361b37e1040357e2b581ef317e70d966daf3a50cee","/assets/index-CaY70ZQ1.js":"44b992bc0c1bb4a0935ebc12ef0d9c671b4d64af1c13d405110c197d0c9ef475"}}
[debug] [2026-04-12T12:23:05.551Z] <<< [apiv2][status] POST https://firebasehosting.googleapis.com/v1beta1/projects/120452345721/sites/maliasport/versions/6dad54d02a156dd5:populateFiles 200
[debug] [2026-04-12T12:23:05.551Z] <<< [apiv2][body] POST https://firebasehosting.googleapis.com/v1beta1/projects/120452345721/sites/maliasport/versions/6dad54d02a156dd5:populateFiles {"uploadRequiredHashes":["e4f54ec16673097ec2f34ea383c0ed2a0aeac01f50bc5d56510d7d34a42d18ff","44b992bc0c1bb4a0935ebc12ef0d9c671b4d64af1c13d405110c197d0c9ef475"],"uploadUrl":"https://upload-firebasehosting.googleapis.com/upload/sites/maliasport/versions/6dad54d02a156dd5/files"}
[debug] [2026-04-12T12:23:05.552Z] Checked if tokens are valid: true, expires at: 1776000180034
[debug] [2026-04-12T12:23:05.553Z] Checked if tokens are valid: true, expires at: 1776000180034
[debug] [2026-04-12T12:23:05.553Z] Checked if tokens are valid: true, expires at: 1776000180034
[debug] [2026-04-12T12:23:05.553Z] Checked if tokens are valid: true, expires at: 1776000180034
[debug] [2026-04-12T12:23:05.553Z] >>> [apiv2][query] POST https://upload-firebasehosting.googleapis.com/upload/sites/maliasport/versions/6dad54d02a156dd5/files/e4f54ec16673097ec2f34ea383c0ed2a0aeac01f50bc5d56510d7d34a42d18ff [none]
[debug] [2026-04-12T12:23:05.554Z] >>> [apiv2][body] POST https://upload-firebasehosting.googleapis.com/upload/sites/maliasport/versions/6dad54d02a156dd5/files/e4f54ec16673097ec2f34ea383c0ed2a0aeac01f50bc5d56510d7d34a42d18ff [stream]
[debug] [2026-04-12T12:23:05.557Z] >>> [apiv2][query] POST https://upload-firebasehosting.googleapis.com/upload/sites/maliasport/versions/6dad54d02a156dd5/files/44b992bc0c1bb4a0935ebc12ef0d9c671b4d64af1c13d405110c197d0c9ef475 [none]
[debug] [2026-04-12T12:23:05.557Z] >>> [apiv2][body] POST https://upload-firebasehosting.googleapis.com/upload/sites/maliasport/versions/6dad54d02a156dd5/files/44b992bc0c1bb4a0935ebc12ef0d9c671b4d64af1c13d405110c197d0c9ef475 [stream]
[debug] [2026-04-12T12:23:05.559Z] [hosting][populate queue][FINAL] {"max":837,"min":837,"avg":837,"active":0,"complete":1,"success":1,"errored":0,"retried":0,"total":1,"elapsed":843}
[debug] [2026-04-12T12:23:05.560Z] [hosting] uploads queued: 2
[debug] [2026-04-12T12:23:07.476Z] <<< [apiv2][status] POST https://upload-firebasehosting.googleapis.com/upload/sites/maliasport/versions/6dad54d02a156dd5/files/e4f54ec16673097ec2f34ea383c0ed2a0aeac01f50bc5d56510d7d34a42d18ff 200
[debug] [2026-04-12T12:23:07.477Z] <<< [apiv2][body] POST https://upload-firebasehosting.googleapis.com/upload/sites/maliasport/versions/6dad54d02a156dd5/files/e4f54ec16673097ec2f34ea383c0ed2a0aeac01f50bc5d56510d7d34a42d18ff [stream]
[debug] [2026-04-12T12:23:07.544Z] <<< [apiv2][status] POST https://upload-firebasehosting.googleapis.com/upload/sites/maliasport/versions/6dad54d02a156dd5/files/44b992bc0c1bb4a0935ebc12ef0d9c671b4d64af1c13d405110c197d0c9ef475 200
[debug] [2026-04-12T12:23:07.544Z] <<< [apiv2][body] POST https://upload-firebasehosting.googleapis.com/upload/sites/maliasport/versions/6dad54d02a156dd5/files/44b992bc0c1bb4a0935ebc12ef0d9c671b4d64af1c13d405110c197d0c9ef475 [stream]
[debug] [2026-04-12T12:23:07.545Z] [hosting][upload queue][FINAL] {"max":1992,"min":1925,"avg":1958.5,"active":0,"complete":2,"success":2,"errored":0,"retried":0,"total":2,"elapsed":1993}
[info] +  hosting[maliasport]: file upload complete 
[debug] [2026-04-12T12:23:07.546Z] [hosting] deploy completed after 2874ms
[debug] [2026-04-12T12:23:07.546Z] [
  {
    "config": {
      "public": "dist",
      "ignore": [
        "firebase.json",
        "**/.*",
        "**/node_modules/**"
      ],
      "rewrites": [
        {
          "source": "**",
          "destination": "/index.html"
        }
      ],
      "site": "maliasport"
    },
    "version": "projects/120452345721/sites/maliasport/versions/6dad54d02a156dd5"
  }
]
[info] i  hosting[maliasport]: finalizing version... 
[debug] [2026-04-12T12:23:07.553Z] Checked if tokens are valid: true, expires at: 1776000180034
[debug] [2026-04-12T12:23:07.553Z] Checked if tokens are valid: true, expires at: 1776000180034
[debug] [2026-04-12T12:23:07.554Z] >>> [apiv2][query] PATCH https://firebasehosting.googleapis.com/v1beta1/projects/-/sites/maliasport/versions/6dad54d02a156dd5 updateMask=status%2Cconfig
[debug] [2026-04-12T12:23:07.554Z] >>> [apiv2][body] PATCH https://firebasehosting.googleapis.com/v1beta1/projects/-/sites/maliasport/versions/6dad54d02a156dd5 {"status":"FINALIZED","config":{"rewrites":[{"glob":"**","path":"/index.html"}]}}
[debug] [2026-04-12T12:23:09.325Z] <<< [apiv2][status] PATCH https://firebasehosting.googleapis.com/v1beta1/projects/-/sites/maliasport/versions/6dad54d02a156dd5 200
[debug] [2026-04-12T12:23:09.325Z] <<< [apiv2][body] PATCH https://firebasehosting.googleapis.com/v1beta1/projects/-/sites/maliasport/versions/6dad54d02a156dd5 {"name":"projects/120452345721/sites/maliasport/versions/6dad54d02a156dd5","status":"FINALIZED","config":{"rewrites":[{"glob":"**","path":"/index.html"}]},"labels":{"deployment-tool":"cli-firebase"},"createTime":"2026-04-12T12:22:50.310853Z","createUser":{"email":"maliasportehf@gmail.com"},"finalizeTime":"2026-04-12T12:22:55.962921Z","finalizeUser":{"email":"maliasportehf@gmail.com"}}
[debug] [2026-04-12T12:23:09.326Z] [hosting] finalized version for maliasport:[object Object]
[info] +  hosting[maliasport]: version finalized 
[info] i  hosting[maliasport]: releasing new version... 
[debug] [2026-04-12T12:23:09.327Z] Checked if tokens are valid: true, expires at: 1776000180034
[debug] [2026-04-12T12:23:09.327Z] Checked if tokens are valid: true, expires at: 1776000180034
[debug] [2026-04-12T12:23:09.327Z] >>> [apiv2][query] POST https://firebasehosting.googleapis.com/v1beta1/projects/-/sites/maliasport/channels/live/releases versionName=projects%2F120452345721%2Fsites%2Fmaliasport%2Fversions%2F6dad54d02a156dd5
[debug] [2026-04-12T12:23:09.327Z] >>> [apiv2][body] POST https://firebasehosting.googleapis.com/v1beta1/projects/-/sites/maliasport/channels/live/releases {}
[debug] [2026-04-12T12:23:11.272Z] <<< [apiv2][status] POST https://firebasehosting.googleapis.com/v1beta1/projects/-/sites/maliasport/channels/live/releases 200
[debug] [2026-04-12T12:30:14.385Z] ----------------------------------------------------------------------
[debug] [2026-04-12T12:30:14.387Z] Command:       C:\Program Files\nodejs\node.exe C:\Users\Friðrik\AppData\Roaming\npm\node_modules\firebase-tools\lib\bin\firebase.js deploy --only hosting --project maliasport
[debug] [2026-04-12T12:30:14.388Z] CLI Version:   15.12.0
[debug] [2026-04-12T12:30:14.388Z] Platform:      win32
[debug] [2026-04-12T12:30:14.388Z] Node Version:  v24.14.0
[debug] [2026-04-12T12:30:14.388Z] Time:          Sun Apr 12 2026 12:30:14 GMT+0000 (Greenwich Mean Time)
[debug] [2026-04-12T12:30:14.388Z] ----------------------------------------------------------------------
[debug] 
[debug] [2026-04-12T12:30:15.919Z] > command requires scopes: ["email","openid","https://www.googleapis.com/auth/cloudplatformprojects.readonly","https://www.googleapis.com/auth/firebase","https://www.googleapis.com/auth/cloud-platform"]
[debug] [2026-04-12T12:30:15.920Z] > authorizing via signed-in user (maliasportehf@gmail.com)
[debug] [2026-04-12T12:30:15.920Z] [iam] checking project maliasport for permissions ["firebase.projects.get","firebasehosting.sites.update"]
[debug] [2026-04-12T12:30:15.921Z] Checked if tokens are valid: true, expires at: 1776000180034
[debug] [2026-04-12T12:30:15.921Z] Checked if tokens are valid: true, expires at: 1776000180034
[debug] [2026-04-12T12:30:15.922Z] >>> [apiv2][query] POST https://cloudresourcemanager.googleapis.com/v1/projects/maliasport:testIamPermissions [none]
[debug] [2026-04-12T12:30:15.922Z] >>> [apiv2][(partial)header] POST https://cloudresourcemanager.googleapis.com/v1/projects/maliasport:testIamPermissions  x-goog-user-project=maliasport
[debug] [2026-04-12T12:30:15.922Z] >>> [apiv2][body] POST https://cloudresourcemanager.googleapis.com/v1/projects/maliasport:testIamPermissions {"permissions":["firebase.projects.get","firebasehosting.sites.update"]}
[debug] [2026-04-12T12:30:16.858Z] <<< [apiv2][status] POST https://cloudresourcemanager.googleapis.com/v1/projects/maliasport:testIamPermissions 200
[debug] [2026-04-12T12:30:16.858Z] <<< [apiv2][body] POST https://cloudresourcemanager.googleapis.com/v1/projects/maliasport:testIamPermissions {"permissions":["firebase.projects.get","firebasehosting.sites.update"]}
[debug] [2026-04-12T12:30:16.858Z] Checked if tokens are valid: true, expires at: 1776000180034
[debug] [2026-04-12T12:30:16.859Z] Checked if tokens are valid: true, expires at: 1776000180034
[debug] [2026-04-12T12:30:16.859Z] >>> [apiv2][query] GET https://firebase.googleapis.com/v1beta1/projects/maliasport [none]
[debug] [2026-04-12T12:30:17.305Z] <<< [apiv2][status] GET https://firebase.googleapis.com/v1beta1/projects/maliasport 200
[debug] [2026-04-12T12:30:17.305Z] <<< [apiv2][body] GET https://firebase.googleapis.com/v1beta1/projects/maliasport {"projectId":"maliasport","projectNumber":"120452345721","displayName":"maliasport","name":"projects/maliasport","resources":{"hostingSite":"maliasport"},"state":"ACTIVE","etag":"1_27339dbd-e7cf-41c7-a1b9-3950acd02f2f"}
[info] 
[info] === Deploying to 'maliasport'...
[info] 
[info] i  deploying hosting 
[debug] [2026-04-12T12:30:17.314Z] Checked if tokens are valid: true, expires at: 1776000180034
[debug] [2026-04-12T12:30:17.314Z] Checked if tokens are valid: true, expires at: 1776000180034
[debug] [2026-04-12T12:30:17.314Z] >>> [apiv2][query] POST https://firebasehosting.googleapis.com/v1beta1/projects/-/sites/maliasport/versions [none]
[debug] [2026-04-12T12:30:17.314Z] >>> [apiv2][body] POST https://firebasehosting.googleapis.com/v1beta1/projects/-/sites/maliasport/versions {"status":"CREATED","labels":{"deployment-tool":"cli-firebase"}}
[debug] [2026-04-12T12:30:19.441Z] <<< [apiv2][status] POST https://firebasehosting.googleapis.com/v1beta1/projects/-/sites/maliasport/versions 200
[debug] [2026-04-12T12:30:19.442Z] <<< [apiv2][body] POST https://firebasehosting.googleapis.com/v1beta1/projects/-/sites/maliasport/versions {"name":"projects/120452345721/sites/maliasport/versions/67451248d4926f43","status":"CREATED","config":{},"labels":{"deployment-tool":"cli-firebase"}}
[info] i  hosting[maliasport]: beginning deploy... 
[info] i  hosting[maliasport]: found 21 files in dist 
[debug] [2026-04-12T12:30:19.458Z] [hosting] uploading with 200 concurrency
[debug] [2026-04-12T12:30:19.471Z] Checked if tokens are valid: true, expires at: 1776000180034
[debug] [2026-04-12T12:30:19.471Z] Checked if tokens are valid: true, expires at: 1776000180034
[debug] [2026-04-12T12:30:19.473Z] [hosting] hash cache [ZGlzdA] stored for 21 files
[debug] [2026-04-12T12:30:19.473Z] [hosting][hash queue][FINAL] {"max":10,"min":2,"avg":2.619047619047619,"active":0,"complete":21,"success":21,"errored":0,"retried":0,"total":21,"elapsed":14}
[debug] [2026-04-12T12:30:19.473Z] >>> [apiv2][query] POST https://firebasehosting.googleapis.com/v1beta1/projects/120452345721/sites/maliasport/versions/67451248d4926f43:populateFiles [none]
[debug] [2026-04-12T12:30:19.473Z] >>> [apiv2][body] POST https://firebasehosting.googleapis.com/v1beta1/projects/120452345721/sites/maliasport/versions/67451248d4926f43:populateFiles {"files":{"/p9.jpg":"62d7743d7b0552153df4477f4faf7cc4b1168d5a216a83b6a8abfad84234f99c","/p8.jpg":"5a4a1e25650235419b541cde78721b282a7337dd31e496d3ad5eee5ab070abb1","/p7.jpg":"2d4b9d5145093a43cb2c8f70dea4e732de24ca5b1f7ee58b7acfb9f965aaed84","/p6.jpg":"3ab0e5ebe3c21cb40809de72526db42042be461442993d1263982f8d0f27b6c1","/p5.jpg":"8bcc270f385985d17a8fd18b57920a8cacb1797743998d13f09c277a99178363","/p4.jpg":"60ee791d9a2b55e4ea1c7e4572d0aaa30f461f515d17be58f20d6a301555abd9","/p3.jpg":"6509cfafb6dab7e4974b9a757100b73a54ec9548490a7bfdafcc0827b4ba9900","/p2.jpg":"b7772a5343a30b1e140a445c15c4d1b82d9930373be53ec04f2b50d22b363540","/p17.jpg":"895b7354e385a6e55dcc716754de01f2c90005b47271893f530885d567f230c0","/p16.jpg":"3abfdd5ee59fb75df86a8d3ec8f060ace7a446925b106d20692ed0767ec42257","/p15.jpg":"1cab63fe2253b82056921383829527bc84d8132d987c2a2fdb8525eea39a89e7","/p14.jpg":"094c8fcc55e1c1adf8b214f312a5b5c48f1e82b4e8f9b93d1b198a69d1e78f37","/p13.jpg":"8096cdcb0991814d985f087884e6afe33f5503c30be30d93c8234646522c664c","/p12.jpg":"993262f4ed572abcf2ee361e3beb2736a19f8b635ed48574120f2305ab34d542","/p11.jpg":"03cf72b96fed21b3ed2fcb8102144a503b25dc612a198c2278544313f7f06a61","/p10.jpg":"35dc21c0fdef0dd8d1d5dc684493aa0c480195f405ed385d5a8ebbc529d1aaeb","/p1.jpg":"d8524d90096ca7c0017cb2124f3eb494550f03beed8a70cc1f00b4bb9fc8b6cb","/logo.png":"b1111297707a101abad6314a5e7589c7a9ac436919ee3fabed6446c93c97fbaf","/index.html":"53781558c07ec23399bc48a23652d2c5e0ae6978d9a2531f8baeb042576fe3a6","/assets/index-CsgU48eB.css":"bcfbd8852220c531d441e8342375d0c230856934dc1791ae7f1b835b78eddd6a","/assets/index-B7YiwOQV.js":"64d731f1f69cc7615661676e8a5de90aec394f72cded5c8f811bc9804a3d18dd"}}
[debug] [2026-04-12T12:30:20.298Z] <<< [apiv2][status] POST https://firebasehosting.googleapis.com/v1beta1/projects/120452345721/sites/maliasport/versions/67451248d4926f43:populateFiles 200
[debug] [2026-04-12T12:30:20.299Z] <<< [apiv2][body] POST https://firebasehosting.googleapis.com/v1beta1/projects/120452345721/sites/maliasport/versions/67451248d4926f43:populateFiles {"uploadRequiredHashes":["bcfbd8852220c531d441e8342375d0c230856934dc1791ae7f1b835b78eddd6a","53781558c07ec23399bc48a23652d2c5e0ae6978d9a2531f8baeb042576fe3a6","64d731f1f69cc7615661676e8a5de90aec394f72cded5c8f811bc9804a3d18dd"],"uploadUrl":"https://upload-firebasehosting.googleapis.com/upload/sites/maliasport/versions/67451248d4926f43/files"}
[debug] [2026-04-12T12:30:20.300Z] Checked if tokens are valid: true, expires at: 1776000180034
[debug] [2026-04-12T12:30:20.300Z] Checked if tokens are valid: true, expires at: 1776000180034
[debug] [2026-04-12T12:30:20.300Z] Checked if tokens are valid: true, expires at: 1776000180034
[debug] [2026-04-12T12:30:20.300Z] Checked if tokens are valid: true, expires at: 1776000180034
[debug] [2026-04-12T12:30:20.301Z] Checked if tokens are valid: true, expires at: 1776000180034
[debug] [2026-04-12T12:30:20.301Z] Checked if tokens are valid: true, expires at: 1776000180034
[debug] [2026-04-12T12:30:20.301Z] >>> [apiv2][query] POST https://upload-firebasehosting.googleapis.com/upload/sites/maliasport/versions/67451248d4926f43/files/bcfbd8852220c531d441e8342375d0c230856934dc1791ae7f1b835b78eddd6a [none]
[debug] [2026-04-12T12:30:20.301Z] >>> [apiv2][body] POST https://upload-firebasehosting.googleapis.com/upload/sites/maliasport/versions/67451248d4926f43/files/bcfbd8852220c531d441e8342375d0c230856934dc1791ae7f1b835b78eddd6a [stream]
[debug] [2026-04-12T12:30:20.303Z] >>> [apiv2][query] POST https://upload-firebasehosting.googleapis.com/upload/sites/maliasport/versions/67451248d4926f43/files/53781558c07ec23399bc48a23652d2c5e0ae6978d9a2531f8baeb042576fe3a6 [none]
[debug] [2026-04-12T12:30:20.303Z] >>> [apiv2][body] POST https://upload-firebasehosting.googleapis.com/upload/sites/maliasport/versions/67451248d4926f43/files/53781558c07ec23399bc48a23652d2c5e0ae6978d9a2531f8baeb042576fe3a6 [stream]
[debug] [2026-04-12T12:30:20.304Z] >>> [apiv2][query] POST https://upload-firebasehosting.googleapis.com/upload/sites/maliasport/versions/67451248d4926f43/files/64d731f1f69cc7615661676e8a5de90aec394f72cded5c8f811bc9804a3d18dd [none]
[debug] [2026-04-12T12:30:20.304Z] >>> [apiv2][body] POST https://upload-firebasehosting.googleapis.com/upload/sites/maliasport/versions/67451248d4926f43/files/64d731f1f69cc7615661676e8a5de90aec394f72cded5c8f811bc9804a3d18dd [stream]
[debug] [2026-04-12T12:30:20.306Z] [hosting][populate queue][FINAL] {"max":830,"min":830,"avg":830,"active":0,"complete":1,"success":1,"errored":0,"retried":0,"total":1,"elapsed":835}
[debug] [2026-04-12T12:30:20.306Z] [hosting] uploads queued: 3
[debug] [2026-04-12T12:30:22.072Z] <<< [apiv2][status] POST https://upload-firebasehosting.googleapis.com/upload/sites/maliasport/versions/67451248d4926f43/files/bcfbd8852220c531d441e8342375d0c230856934dc1791ae7f1b835b78eddd6a 200
[debug] [2026-04-12T12:30:22.073Z] <<< [apiv2][body] POST https://upload-firebasehosting.googleapis.com/upload/sites/maliasport/versions/67451248d4926f43/files/bcfbd8852220c531d441e8342375d0c230856934dc1791ae7f1b835b78eddd6a [stream]
[debug] [2026-04-12T12:30:22.223Z] <<< [apiv2][status] POST https://upload-firebasehosting.googleapis.com/upload/sites/maliasport/versions/67451248d4926f43/files/64d731f1f69cc7615661676e8a5de90aec394f72cded5c8f811bc9804a3d18dd 200
[debug] [2026-04-12T12:30:22.223Z] <<< [apiv2][body] POST https://upload-firebasehosting.googleapis.com/upload/sites/maliasport/versions/67451248d4926f43/files/64d731f1f69cc7615661676e8a5de90aec394f72cded5c8f811bc9804a3d18dd [stream]
[debug] [2026-04-12T12:30:22.225Z] <<< [apiv2][status] POST https://upload-firebasehosting.googleapis.com/upload/sites/maliasport/versions/67451248d4926f43/files/53781558c07ec23399bc48a23652d2c5e0ae6978d9a2531f8baeb042576fe3a6 200
[debug] [2026-04-12T12:30:22.225Z] <<< [apiv2][body] POST https://upload-firebasehosting.googleapis.com/upload/sites/maliasport/versions/67451248d4926f43/files/53781558c07ec23399bc48a23652d2c5e0ae6978d9a2531f8baeb042576fe3a6 [stream]
[debug] [2026-04-12T12:30:22.226Z] [hosting][upload queue][FINAL] {"max":1926,"min":1774,"avg":1874.3333333333333,"active":0,"complete":3,"success":3,"errored":0,"retried":0,"total":3,"elapsed":1927}
[info] +  hosting[maliasport]: file upload complete 
[debug] [2026-04-12T12:30:22.227Z] [hosting] deploy completed after 2781ms
[debug] [2026-04-12T12:30:22.227Z] [
  {
    "config": {
      "public": "dist",
      "ignore": [
        "firebase.json",
        "**/.*",
        "**/node_modules/**"
      ],
      "rewrites": [
        {
          "source": "**",
          "destination": "/index.html"
        }
      ],
      "site": "maliasport"
    },
    "version": "projects/120452345721/sites/maliasport/versions/67451248d4926f43"
  }
]
[info] i  hosting[maliasport]: finalizing version... 
[debug] [2026-04-12T12:30:22.232Z] Checked if tokens are valid: true, expires at: 1776000180034
[debug] [2026-04-12T12:30:22.232Z] Checked if tokens are valid: true, expires at: 1776000180034
[debug] [2026-04-12T12:30:22.232Z] >>> [apiv2][query] PATCH https://firebasehosting.googleapis.com/v1beta1/projects/-/sites/maliasport/versions/67451248d4926f43 updateMask=status%2Cconfig
[debug] [2026-04-12T12:30:22.232Z] >>> [apiv2][body] PATCH https://firebasehosting.googleapis.com/v1beta1/projects/-/sites/maliasport/versions/67451248d4926f43 {"status":"FINALIZED","config":{"rewrites":[{"glob":"**","path":"/index.html"}]}}
[debug] [2026-04-12T12:30:23.810Z] <<< [apiv2][status] PATCH https://firebasehosting.googleapis.com/v1beta1/projects/-/sites/maliasport/versions/67451248d4926f43 200
[debug] [2026-04-12T12:30:23.810Z] <<< [apiv2][body] PATCH https://firebasehosting.googleapis.com/v1beta1/projects/-/sites/maliasport/versions/67451248d4926f43 {"name":"projects/120452345721/sites/maliasport/versions/67451248d4926f43","status":"FINALIZED","config":{"rewrites":[{"glob":"**","path":"/index.html"}]},"labels":{"deployment-tool":"cli-firebase"},"createTime":"2026-04-12T12:30:05.008467Z","createUser":{"email":"maliasportehf@gmail.com"},"finalizeTime":"2026-04-12T12:30:10.465573Z","finalizeUser":{"email":"maliasportehf@gmail.com"}}
[debug] [2026-04-12T12:30:23.810Z] [hosting] finalized version for maliasport:[object Object]
[info] +  hosting[maliasport]: version finalized 
[info] i  hosting[maliasport]: releasing new version... 
[debug] [2026-04-12T12:30:23.811Z] Checked if tokens are valid: true, expires at: 1776000180034
[debug] [2026-04-12T12:30:23.811Z] Checked if tokens are valid: true, expires at: 1776000180034
[debug] [2026-04-12T12:30:23.811Z] >>> [apiv2][query] POST https://firebasehosting.googleapis.com/v1beta1/projects/-/sites/maliasport/channels/live/releases versionName=projects%2F120452345721%2Fsites%2Fmaliasport%2Fversions%2F67451248d4926f43
[debug] [2026-04-12T12:30:23.811Z] >>> [apiv2][body] POST https://firebasehosting.googleapis.com/v1beta1/projects/-/sites/maliasport/channels/live/releases {}
[debug] [2026-04-12T12:30:25.755Z] <<< [apiv2][status] POST https://firebasehosting.googleapis.com/v1beta1/projects/-/sites/maliasport/channels/live/releases 200
[debug] [2026-04-12T12:33:05.699Z] ----------------------------------------------------------------------
[debug] [2026-04-12T12:33:05.703Z] Command:       C:\Program Files\nodejs\node.exe C:\Users\Friðrik\AppData\Roaming\npm\node_modules\firebase-tools\lib\bin\firebase.js deploy --only hosting --project maliasport
[debug] [2026-04-12T12:33:05.703Z] CLI Version:   15.12.0
[debug] [2026-04-12T12:33:05.703Z] Platform:      win32
[debug] [2026-04-12T12:33:05.703Z] Node Version:  v24.14.0
[debug] [2026-04-12T12:33:05.703Z] Time:          Sun Apr 12 2026 12:33:05 GMT+0000 (Greenwich Mean Time)
[debug] [2026-04-12T12:33:05.703Z] ----------------------------------------------------------------------
[debug] 
[debug] [2026-04-12T12:33:07.163Z] > command requires scopes: ["email","openid","https://www.googleapis.com/auth/cloudplatformprojects.readonly","https://www.googleapis.com/auth/firebase","https://www.googleapis.com/auth/cloud-platform"]
[debug] [2026-04-12T12:33:07.164Z] > authorizing via signed-in user (maliasportehf@gmail.com)
[debug] [2026-04-12T12:33:07.164Z] [iam] checking project maliasport for permissions ["firebase.projects.get","firebasehosting.sites.update"]
[debug] [2026-04-12T12:33:07.165Z] Checked if tokens are valid: true, expires at: 1776000180034
[debug] [2026-04-12T12:33:07.165Z] Checked if tokens are valid: true, expires at: 1776000180034
[debug] [2026-04-12T12:33:07.166Z] >>> [apiv2][query] POST https://cloudresourcemanager.googleapis.com/v1/projects/maliasport:testIamPermissions [none]
[debug] [2026-04-12T12:33:07.166Z] >>> [apiv2][(partial)header] POST https://cloudresourcemanager.googleapis.com/v1/projects/maliasport:testIamPermissions  x-goog-user-project=maliasport
[debug] [2026-04-12T12:33:07.167Z] >>> [apiv2][body] POST https://cloudresourcemanager.googleapis.com/v1/projects/maliasport:testIamPermissions {"permissions":["firebase.projects.get","firebasehosting.sites.update"]}
[debug] [2026-04-12T12:33:07.456Z] <<< [apiv2][status] POST https://cloudresourcemanager.googleapis.com/v1/projects/maliasport:testIamPermissions 200
[debug] [2026-04-12T12:33:07.456Z] <<< [apiv2][body] POST https://cloudresourcemanager.googleapis.com/v1/projects/maliasport:testIamPermissions {"permissions":["firebase.projects.get","firebasehosting.sites.update"]}
[debug] [2026-04-12T12:33:07.457Z] Checked if tokens are valid: true, expires at: 1776000180034
[debug] [2026-04-12T12:33:07.457Z] Checked if tokens are valid: true, expires at: 1776000180034
[debug] [2026-04-12T12:33:07.457Z] >>> [apiv2][query] GET https://firebase.googleapis.com/v1beta1/projects/maliasport [none]
[debug] [2026-04-12T12:33:08.374Z] <<< [apiv2][status] GET https://firebase.googleapis.com/v1beta1/projects/maliasport 200
[debug] [2026-04-12T12:33:08.374Z] <<< [apiv2][body] GET https://firebase.googleapis.com/v1beta1/projects/maliasport {"projectId":"maliasport","projectNumber":"120452345721","displayName":"maliasport","name":"projects/maliasport","resources":{"hostingSite":"maliasport"},"state":"ACTIVE","etag":"1_27339dbd-e7cf-41c7-a1b9-3950acd02f2f"}
[info] 
[info] === Deploying to 'maliasport'...
[info] 
[info] i  deploying hosting 
[debug] [2026-04-12T12:33:08.380Z] Checked if tokens are valid: true, expires at: 1776000180034
[debug] [2026-04-12T12:33:08.380Z] Checked if tokens are valid: true, expires at: 1776000180034
[debug] [2026-04-12T12:33:08.380Z] >>> [apiv2][query] POST https://firebasehosting.googleapis.com/v1beta1/projects/-/sites/maliasport/versions [none]
[debug] [2026-04-12T12:33:08.380Z] >>> [apiv2][body] POST https://firebasehosting.googleapis.com/v1beta1/projects/-/sites/maliasport/versions {"status":"CREATED","labels":{"deployment-tool":"cli-firebase"}}
[debug] [2026-04-12T12:33:10.318Z] <<< [apiv2][status] POST https://firebasehosting.googleapis.com/v1beta1/projects/-/sites/maliasport/versions 200
[debug] [2026-04-12T12:33:10.318Z] <<< [apiv2][body] POST https://firebasehosting.googleapis.com/v1beta1/projects/-/sites/maliasport/versions {"name":"projects/120452345721/sites/maliasport/versions/f6fe6d1c1fc36106","status":"CREATED","config":{},"labels":{"deployment-tool":"cli-firebase"}}
[info] i  hosting[maliasport]: beginning deploy... 
[info] i  hosting[maliasport]: found 21 files in dist 
[debug] [2026-04-12T12:33:10.339Z] [hosting] uploading with 200 concurrency
[debug] [2026-04-12T12:33:10.353Z] Checked if tokens are valid: true, expires at: 1776000180034
[debug] [2026-04-12T12:33:10.353Z] Checked if tokens are valid: true, expires at: 1776000180034
[debug] [2026-04-12T12:33:10.354Z] [hosting] hash cache [ZGlzdA] stored for 21 files
[debug] [2026-04-12T12:33:10.355Z] [hosting][hash queue][FINAL] {"max":11,"min":1,"avg":1.6666666666666667,"active":0,"complete":21,"success":21,"errored":0,"retried":0,"total":21,"elapsed":15}
[debug] [2026-04-12T12:33:10.355Z] >>> [apiv2][query] POST https://firebasehosting.googleapis.com/v1beta1/projects/120452345721/sites/maliasport/versions/f6fe6d1c1fc36106:populateFiles [none]
[debug] [2026-04-12T12:33:10.355Z] >>> [apiv2][body] POST https://firebasehosting.googleapis.com/v1beta1/projects/120452345721/sites/maliasport/versions/f6fe6d1c1fc36106:populateFiles {"files":{"/p9.jpg":"62d7743d7b0552153df4477f4faf7cc4b1168d5a216a83b6a8abfad84234f99c","/p8.jpg":"5a4a1e25650235419b541cde78721b282a7337dd31e496d3ad5eee5ab070abb1","/p7.jpg":"2d4b9d5145093a43cb2c8f70dea4e732de24ca5b1f7ee58b7acfb9f965aaed84","/p6.jpg":"3ab0e5ebe3c21cb40809de72526db42042be461442993d1263982f8d0f27b6c1","/p5.jpg":"8bcc270f385985d17a8fd18b57920a8cacb1797743998d13f09c277a99178363","/p4.jpg":"60ee791d9a2b55e4ea1c7e4572d0aaa30f461f515d17be58f20d6a301555abd9","/p3.jpg":"6509cfafb6dab7e4974b9a757100b73a54ec9548490a7bfdafcc0827b4ba9900","/p2.jpg":"b7772a5343a30b1e140a445c15c4d1b82d9930373be53ec04f2b50d22b363540","/p17.jpg":"895b7354e385a6e55dcc716754de01f2c90005b47271893f530885d567f230c0","/p16.jpg":"3abfdd5ee59fb75df86a8d3ec8f060ace7a446925b106d20692ed0767ec42257","/p15.jpg":"1cab63fe2253b82056921383829527bc84d8132d987c2a2fdb8525eea39a89e7","/p14.jpg":"094c8fcc55e1c1adf8b214f312a5b5c48f1e82b4e8f9b93d1b198a69d1e78f37","/p13.jpg":"8096cdcb0991814d985f087884e6afe33f5503c30be30d93c8234646522c664c","/p12.jpg":"993262f4ed572abcf2ee361e3beb2736a19f8b635ed48574120f2305ab34d542","/p11.jpg":"03cf72b96fed21b3ed2fcb8102144a503b25dc612a198c2278544313f7f06a61","/p10.jpg":"35dc21c0fdef0dd8d1d5dc684493aa0c480195f405ed385d5a8ebbc529d1aaeb","/p1.jpg":"d8524d90096ca7c0017cb2124f3eb494550f03beed8a70cc1f00b4bb9fc8b6cb","/logo.png":"b1111297707a101abad6314a5e7589c7a9ac436919ee3fabed6446c93c97fbaf","/index.html":"ad8938547b2bf373bf3dbcc005c51696aeb05baee25098140f75e9cad5b2be75","/assets/index-3mK0d3Wv.css":"4409ffe10f8a47f3f89e504084df11756cda5c04dfb75d60191041297945c250","/assets/index-C05spSsG.js":"68b7834c99f5139a1846a0b2723ae07dceae78c8066051fea6365766fba89fc4"}}
[debug] [2026-04-12T12:33:11.210Z] <<< [apiv2][status] POST https://firebasehosting.googleapis.com/v1beta1/projects/120452345721/sites/maliasport/versions/f6fe6d1c1fc36106:populateFiles 200
[debug] [2026-04-12T12:33:11.211Z] <<< [apiv2][body] POST https://firebasehosting.googleapis.com/v1beta1/projects/120452345721/sites/maliasport/versions/f6fe6d1c1fc36106:populateFiles {"uploadRequiredHashes":["68b7834c99f5139a1846a0b2723ae07dceae78c8066051fea6365766fba89fc4","ad8938547b2bf373bf3dbcc005c51696aeb05baee25098140f75e9cad5b2be75","4409ffe10f8a47f3f89e504084df11756cda5c04dfb75d60191041297945c250"],"uploadUrl":"https://upload-firebasehosting.googleapis.com/upload/sites/maliasport/versions/f6fe6d1c1fc36106/files"}
[debug] [2026-04-12T12:33:11.212Z] Checked if tokens are valid: true, expires at: 1776000180034
[debug] [2026-04-12T12:33:11.212Z] Checked if tokens are valid: true, expires at: 1776000180034
[debug] [2026-04-12T12:33:11.212Z] Checked if tokens are valid: true, expires at: 1776000180034
[debug] [2026-04-12T12:33:11.212Z] Checked if tokens are valid: true, expires at: 1776000180034
[debug] [2026-04-12T12:33:11.213Z] Checked if tokens are valid: true, expires at: 1776000180034
[debug] [2026-04-12T12:33:11.213Z] Checked if tokens are valid: true, expires at: 1776000180034
[debug] [2026-04-12T12:33:11.213Z] >>> [apiv2][query] POST https://upload-firebasehosting.googleapis.com/upload/sites/maliasport/versions/f6fe6d1c1fc36106/files/68b7834c99f5139a1846a0b2723ae07dceae78c8066051fea6365766fba89fc4 [none]
[debug] [2026-04-12T12:33:11.213Z] >>> [apiv2][body] POST https://upload-firebasehosting.googleapis.com/upload/sites/maliasport/versions/f6fe6d1c1fc36106/files/68b7834c99f5139a1846a0b2723ae07dceae78c8066051fea6365766fba89fc4 [stream]
[debug] [2026-04-12T12:33:11.215Z] >>> [apiv2][query] POST https://upload-firebasehosting.googleapis.com/upload/sites/maliasport/versions/f6fe6d1c1fc36106/files/ad8938547b2bf373bf3dbcc005c51696aeb05baee25098140f75e9cad5b2be75 [none]
[debug] [2026-04-12T12:33:11.215Z] >>> [apiv2][body] POST https://upload-firebasehosting.googleapis.com/upload/sites/maliasport/versions/f6fe6d1c1fc36106/files/ad8938547b2bf373bf3dbcc005c51696aeb05baee25098140f75e9cad5b2be75 [stream]
[debug] [2026-04-12T12:33:11.218Z] >>> [apiv2][query] POST https://upload-firebasehosting.googleapis.com/upload/sites/maliasport/versions/f6fe6d1c1fc36106/files/4409ffe10f8a47f3f89e504084df11756cda5c04dfb75d60191041297945c250 [none]
[debug] [2026-04-12T12:33:11.218Z] >>> [apiv2][body] POST https://upload-firebasehosting.googleapis.com/upload/sites/maliasport/versions/f6fe6d1c1fc36106/files/4409ffe10f8a47f3f89e504084df11756cda5c04dfb75d60191041297945c250 [stream]
[debug] [2026-04-12T12:33:11.220Z] [hosting][populate queue][FINAL] {"max":860,"min":860,"avg":860,"active":0,"complete":1,"success":1,"errored":0,"retried":0,"total":1,"elapsed":867}
[debug] [2026-04-12T12:33:11.220Z] [hosting] uploads queued: 3
[debug] [2026-04-12T12:33:12.641Z] <<< [apiv2][status] POST https://upload-firebasehosting.googleapis.com/upload/sites/maliasport/versions/f6fe6d1c1fc36106/files/4409ffe10f8a47f3f89e504084df11756cda5c04dfb75d60191041297945c250 200
[debug] [2026-04-12T12:33:12.641Z] <<< [apiv2][body] POST https://upload-firebasehosting.googleapis.com/upload/sites/maliasport/versions/f6fe6d1c1fc36106/files/4409ffe10f8a47f3f89e504084df11756cda5c04dfb75d60191041297945c250 [stream]
[debug] [2026-04-12T12:33:13.000Z] <<< [apiv2][status] POST https://upload-firebasehosting.googleapis.com/upload/sites/maliasport/versions/f6fe6d1c1fc36106/files/ad8938547b2bf373bf3dbcc005c51696aeb05baee25098140f75e9cad5b2be75 200
[debug] [2026-04-12T12:33:13.001Z] <<< [apiv2][body] POST https://upload-firebasehosting.googleapis.com/upload/sites/maliasport/versions/f6fe6d1c1fc36106/files/ad8938547b2bf373bf3dbcc005c51696aeb05baee25098140f75e9cad5b2be75 [stream]
[debug] [2026-04-12T12:33:13.049Z] <<< [apiv2][status] POST https://upload-firebasehosting.googleapis.com/upload/sites/maliasport/versions/f6fe6d1c1fc36106/files/68b7834c99f5139a1846a0b2723ae07dceae78c8066051fea6365766fba89fc4 200
[debug] [2026-04-12T12:33:13.049Z] <<< [apiv2][body] POST https://upload-firebasehosting.googleapis.com/upload/sites/maliasport/versions/f6fe6d1c1fc36106/files/68b7834c99f5139a1846a0b2723ae07dceae78c8066051fea6365766fba89fc4 [stream]
[debug] [2026-04-12T12:33:13.049Z] [hosting][upload queue][FINAL] {"max":1838,"min":1430,"avg":1685.6666666666667,"active":0,"complete":3,"success":3,"errored":0,"retried":0,"total":3,"elapsed":1838}
[info] +  hosting[maliasport]: file upload complete 
[debug] [2026-04-12T12:33:13.050Z] [hosting] deploy completed after 2725ms
[debug] [2026-04-12T12:33:13.050Z] [
  {
    "config": {
      "public": "dist",
      "ignore": [
        "firebase.json",
        "**/.*",
        "**/node_modules/**"
      ],
      "rewrites": [
        {
          "source": "**",
          "destination": "/index.html"
        }
      ],
      "site": "maliasport"
    },
    "version": "projects/120452345721/sites/maliasport/versions/f6fe6d1c1fc36106"
  }
]
[info] i  hosting[maliasport]: finalizing version... 
[debug] [2026-04-12T12:33:13.053Z] Checked if tokens are valid: true, expires at: 1776000180034
[debug] [2026-04-12T12:33:13.053Z] Checked if tokens are valid: true, expires at: 1776000180034
[debug] [2026-04-12T12:33:13.054Z] >>> [apiv2][query] PATCH https://firebasehosting.googleapis.com/v1beta1/projects/-/sites/maliasport/versions/f6fe6d1c1fc36106 updateMask=status%2Cconfig
[debug] [2026-04-12T12:33:13.054Z] >>> [apiv2][body] PATCH https://firebasehosting.googleapis.com/v1beta1/projects/-/sites/maliasport/versions/f6fe6d1c1fc36106 {"status":"FINALIZED","config":{"rewrites":[{"glob":"**","path":"/index.html"}]}}
[debug] [2026-04-12T12:33:14.383Z] <<< [apiv2][status] PATCH https://firebasehosting.googleapis.com/v1beta1/projects/-/sites/maliasport/versions/f6fe6d1c1fc36106 200
[debug] [2026-04-12T12:33:14.384Z] <<< [apiv2][body] PATCH https://firebasehosting.googleapis.com/v1beta1/projects/-/sites/maliasport/versions/f6fe6d1c1fc36106 {"name":"projects/120452345721/sites/maliasport/versions/f6fe6d1c1fc36106","status":"FINALIZED","config":{"rewrites":[{"glob":"**","path":"/index.html"}]},"labels":{"deployment-tool":"cli-firebase"},"createTime":"2026-04-12T12:32:55.906259Z","createUser":{"email":"maliasportehf@gmail.com"},"finalizeTime":"2026-04-12T12:33:01.083493Z","finalizeUser":{"email":"maliasportehf@gmail.com"}}
[debug] [2026-04-12T12:33:14.384Z] [hosting] finalized version for maliasport:[object Object]
[info] +  hosting[maliasport]: version finalized 
[info] i  hosting[maliasport]: releasing new version... 
[debug] [2026-04-12T12:33:14.385Z] Checked if tokens are valid: true, expires at: 1776000180034
[debug] [2026-04-12T12:33:14.385Z] Checked if tokens are valid: true, expires at: 1776000180034
[debug] [2026-04-12T12:33:14.385Z] >>> [apiv2][query] POST https://firebasehosting.googleapis.com/v1beta1/projects/-/sites/maliasport/channels/live/releases versionName=projects%2F120452345721%2Fsites%2Fmaliasport%2Fversions%2Ff6fe6d1c1fc36106
[debug] [2026-04-12T12:33:14.385Z] >>> [apiv2][body] POST https://firebasehosting.googleapis.com/v1beta1/projects/-/sites/maliasport/channels/live/releases {}
[debug] [2026-04-12T12:33:16.455Z] <<< [apiv2][status] POST https://firebasehosting.googleapis.com/v1beta1/projects/-/sites/maliasport/channels/live/releases 200
[debug] [2026-04-12T12:34:50.812Z] ----------------------------------------------------------------------
[debug] [2026-04-12T12:34:50.814Z] Command:       C:\Program Files\nodejs\node.exe C:\Users\Friðrik\AppData\Roaming\npm\node_modules\firebase-tools\lib\bin\firebase.js deploy --only hosting --project maliasport
[debug] [2026-04-12T12:34:50.815Z] CLI Version:   15.12.0
[debug] [2026-04-12T12:34:50.815Z] Platform:      win32
[debug] [2026-04-12T12:34:50.815Z] Node Version:  v24.14.0
[debug] [2026-04-12T12:34:50.815Z] Time:          Sun Apr 12 2026 12:34:50 GMT+0000 (Greenwich Mean Time)
[debug] [2026-04-12T12:34:50.815Z] ----------------------------------------------------------------------
[debug] 
[debug] [2026-04-12T12:34:52.271Z] > command requires scopes: ["email","openid","https://www.googleapis.com/auth/cloudplatformprojects.readonly","https://www.googleapis.com/auth/firebase","https://www.googleapis.com/auth/cloud-platform"]
[debug] [2026-04-12T12:34:52.272Z] > authorizing via signed-in user (maliasportehf@gmail.com)
[debug] [2026-04-12T12:34:52.272Z] [iam] checking project maliasport for permissions ["firebase.projects.get","firebasehosting.sites.update"]
[debug] [2026-04-12T12:34:52.273Z] Checked if tokens are valid: true, expires at: 1776000180034
[debug] [2026-04-12T12:34:52.273Z] Checked if tokens are valid: true, expires at: 1776000180034
[debug] [2026-04-12T12:34:52.274Z] >>> [apiv2][query] POST https://cloudresourcemanager.googleapis.com/v1/projects/maliasport:testIamPermissions [none]
[debug] [2026-04-12T12:34:52.274Z] >>> [apiv2][(partial)header] POST https://cloudresourcemanager.googleapis.com/v1/projects/maliasport:testIamPermissions  x-goog-user-project=maliasport
[debug] [2026-04-12T12:34:52.274Z] >>> [apiv2][body] POST https://cloudresourcemanager.googleapis.com/v1/projects/maliasport:testIamPermissions {"permissions":["firebase.projects.get","firebasehosting.sites.update"]}
[debug] [2026-04-12T12:34:53.137Z] <<< [apiv2][status] POST https://cloudresourcemanager.googleapis.com/v1/projects/maliasport:testIamPermissions 200
[debug] [2026-04-12T12:34:53.138Z] <<< [apiv2][body] POST https://cloudresourcemanager.googleapis.com/v1/projects/maliasport:testIamPermissions {"permissions":["firebase.projects.get","firebasehosting.sites.update"]}
[debug] [2026-04-12T12:34:53.139Z] Checked if tokens are valid: true, expires at: 1776000180034
[debug] [2026-04-12T12:34:53.139Z] Checked if tokens are valid: true, expires at: 1776000180034
[debug] [2026-04-12T12:34:53.139Z] >>> [apiv2][query] GET https://firebase.googleapis.com/v1beta1/projects/maliasport [none]
[debug] [2026-04-12T12:34:53.636Z] <<< [apiv2][status] GET https://firebase.googleapis.com/v1beta1/projects/maliasport 200
[debug] [2026-04-12T12:34:53.636Z] <<< [apiv2][body] GET https://firebase.googleapis.com/v1beta1/projects/maliasport {"projectId":"maliasport","projectNumber":"120452345721","displayName":"maliasport","name":"projects/maliasport","resources":{"hostingSite":"maliasport"},"state":"ACTIVE","etag":"1_27339dbd-e7cf-41c7-a1b9-3950acd02f2f"}
[info] 
[info] === Deploying to 'maliasport'...
[info] 
[info] i  deploying hosting 
[debug] [2026-04-12T12:34:53.641Z] Checked if tokens are valid: true, expires at: 1776000180034
[debug] [2026-04-12T12:34:53.641Z] Checked if tokens are valid: true, expires at: 1776000180034
[debug] [2026-04-12T12:34:53.641Z] >>> [apiv2][query] POST https://firebasehosting.googleapis.com/v1beta1/projects/-/sites/maliasport/versions [none]
[debug] [2026-04-12T12:34:53.641Z] >>> [apiv2][body] POST https://firebasehosting.googleapis.com/v1beta1/projects/-/sites/maliasport/versions {"status":"CREATED","labels":{"deployment-tool":"cli-firebase"}}
[debug] [2026-04-12T12:34:55.030Z] <<< [apiv2][status] POST https://firebasehosting.googleapis.com/v1beta1/projects/-/sites/maliasport/versions 200
[debug] [2026-04-12T12:34:55.031Z] <<< [apiv2][body] POST https://firebasehosting.googleapis.com/v1beta1/projects/-/sites/maliasport/versions {"name":"projects/120452345721/sites/maliasport/versions/ee28541f66cdf93c","status":"CREATED","config":{},"labels":{"deployment-tool":"cli-firebase"}}
[info] i  hosting[maliasport]: beginning deploy... 
[info] i  hosting[maliasport]: found 21 files in dist 
[debug] [2026-04-12T12:34:55.052Z] [hosting] uploading with 200 concurrency
[debug] [2026-04-12T12:34:55.066Z] Checked if tokens are valid: true, expires at: 1776000180034
[debug] [2026-04-12T12:34:55.066Z] Checked if tokens are valid: true, expires at: 1776000180034
[debug] [2026-04-12T12:34:55.067Z] [hosting] hash cache [ZGlzdA] stored for 21 files
[debug] [2026-04-12T12:34:55.068Z] [hosting][hash queue][FINAL] {"max":10,"min":1,"avg":1.619047619047619,"active":0,"complete":21,"success":21,"errored":0,"retried":0,"total":21,"elapsed":15}
[debug] [2026-04-12T12:34:55.068Z] >>> [apiv2][query] POST https://firebasehosting.googleapis.com/v1beta1/projects/120452345721/sites/maliasport/versions/ee28541f66cdf93c:populateFiles [none]
[debug] [2026-04-12T12:34:55.068Z] >>> [apiv2][body] POST https://firebasehosting.googleapis.com/v1beta1/projects/120452345721/sites/maliasport/versions/ee28541f66cdf93c:populateFiles {"files":{"/p9.jpg":"62d7743d7b0552153df4477f4faf7cc4b1168d5a216a83b6a8abfad84234f99c","/p8.jpg":"5a4a1e25650235419b541cde78721b282a7337dd31e496d3ad5eee5ab070abb1","/p7.jpg":"2d4b9d5145093a43cb2c8f70dea4e732de24ca5b1f7ee58b7acfb9f965aaed84","/p6.jpg":"3ab0e5ebe3c21cb40809de72526db42042be461442993d1263982f8d0f27b6c1","/p5.jpg":"8bcc270f385985d17a8fd18b57920a8cacb1797743998d13f09c277a99178363","/p4.jpg":"60ee791d9a2b55e4ea1c7e4572d0aaa30f461f515d17be58f20d6a301555abd9","/p3.jpg":"6509cfafb6dab7e4974b9a757100b73a54ec9548490a7bfdafcc0827b4ba9900","/p2.jpg":"b7772a5343a30b1e140a445c15c4d1b82d9930373be53ec04f2b50d22b363540","/p17.jpg":"895b7354e385a6e55dcc716754de01f2c90005b47271893f530885d567f230c0","/p16.jpg":"3abfdd5ee59fb75df86a8d3ec8f060ace7a446925b106d20692ed0767ec42257","/p15.jpg":"1cab63fe2253b82056921383829527bc84d8132d987c2a2fdb8525eea39a89e7","/p14.jpg":"094c8fcc55e1c1adf8b214f312a5b5c48f1e82b4e8f9b93d1b198a69d1e78f37","/p13.jpg":"8096cdcb0991814d985f087884e6afe33f5503c30be30d93c8234646522c664c","/p12.jpg":"993262f4ed572abcf2ee361e3beb2736a19f8b635ed48574120f2305ab34d542","/p11.jpg":"03cf72b96fed21b3ed2fcb8102144a503b25dc612a198c2278544313f7f06a61","/p10.jpg":"35dc21c0fdef0dd8d1d5dc684493aa0c480195f405ed385d5a8ebbc529d1aaeb","/p1.jpg":"d8524d90096ca7c0017cb2124f3eb494550f03beed8a70cc1f00b4bb9fc8b6cb","/logo.png":"b1111297707a101abad6314a5e7589c7a9ac436919ee3fabed6446c93c97fbaf","/index.html":"732ab53786797b43edeca83dafaacdc850fc4d3624f1c8ffe11ae6c7db9c77e9","/assets/index-3mK0d3Wv.css":"4409ffe10f8a47f3f89e504084df11756cda5c04dfb75d60191041297945c250","/assets/index-CF5U8uPB.js":"f87a34aa921d3bc5a0d2796a1e522e171b1b4b1559783ddd170469b2bbbf85eb"}}
[debug] [2026-04-12T12:34:56.607Z] <<< [apiv2][status] POST https://firebasehosting.googleapis.com/v1beta1/projects/120452345721/sites/maliasport/versions/ee28541f66cdf93c:populateFiles 200
[debug] [2026-04-12T12:34:56.607Z] <<< [apiv2][body] POST https://firebasehosting.googleapis.com/v1beta1/projects/120452345721/sites/maliasport/versions/ee28541f66cdf93c:populateFiles {"uploadRequiredHashes":["f87a34aa921d3bc5a0d2796a1e522e171b1b4b1559783ddd170469b2bbbf85eb","732ab53786797b43edeca83dafaacdc850fc4d3624f1c8ffe11ae6c7db9c77e9"],"uploadUrl":"https://upload-firebasehosting.googleapis.com/upload/sites/maliasport/versions/ee28541f66cdf93c/files"}
[debug] [2026-04-12T12:34:56.608Z] Checked if tokens are valid: true, expires at: 1776000180034
[debug] [2026-04-12T12:34:56.608Z] Checked if tokens are valid: true, expires at: 1776000180034
[debug] [2026-04-12T12:34:56.609Z] Checked if tokens are valid: true, expires at: 1776000180034
[debug] [2026-04-12T12:34:56.609Z] Checked if tokens are valid: true, expires at: 1776000180034
[debug] [2026-04-12T12:34:56.609Z] >>> [apiv2][query] POST https://upload-firebasehosting.googleapis.com/upload/sites/maliasport/versions/ee28541f66cdf93c/files/f87a34aa921d3bc5a0d2796a1e522e171b1b4b1559783ddd170469b2bbbf85eb [none]
[debug] [2026-04-12T12:34:56.609Z] >>> [apiv2][body] POST https://upload-firebasehosting.googleapis.com/upload/sites/maliasport/versions/ee28541f66cdf93c/files/f87a34aa921d3bc5a0d2796a1e522e171b1b4b1559783ddd170469b2bbbf85eb [stream]
[debug] [2026-04-12T12:34:56.612Z] >>> [apiv2][query] POST https://upload-firebasehosting.googleapis.com/upload/sites/maliasport/versions/ee28541f66cdf93c/files/732ab53786797b43edeca83dafaacdc850fc4d3624f1c8ffe11ae6c7db9c77e9 [none]
[debug] [2026-04-12T12:34:56.612Z] >>> [apiv2][body] POST https://upload-firebasehosting.googleapis.com/upload/sites/maliasport/versions/ee28541f66cdf93c/files/732ab53786797b43edeca83dafaacdc850fc4d3624f1c8ffe11ae6c7db9c77e9 [stream]
[debug] [2026-04-12T12:34:56.615Z] [hosting][populate queue][FINAL] {"max":1544,"min":1544,"avg":1544,"active":0,"complete":1,"success":1,"errored":0,"retried":0,"total":1,"elapsed":1550}
[debug] [2026-04-12T12:34:56.616Z] [hosting] uploads queued: 2
[debug] [2026-04-12T12:34:58.549Z] <<< [apiv2][status] POST https://upload-firebasehosting.googleapis.com/upload/sites/maliasport/versions/ee28541f66cdf93c/files/732ab53786797b43edeca83dafaacdc850fc4d3624f1c8ffe11ae6c7db9c77e9 200
[debug] [2026-04-12T12:34:58.550Z] <<< [apiv2][body] POST https://upload-firebasehosting.googleapis.com/upload/sites/maliasport/versions/ee28541f66cdf93c/files/732ab53786797b43edeca83dafaacdc850fc4d3624f1c8ffe11ae6c7db9c77e9 [stream]
[debug] [2026-04-12T12:34:58.551Z] <<< [apiv2][status] POST https://upload-firebasehosting.googleapis.com/upload/sites/maliasport/versions/ee28541f66cdf93c/files/f87a34aa921d3bc5a0d2796a1e522e171b1b4b1559783ddd170469b2bbbf85eb 200
[debug] [2026-04-12T12:34:58.551Z] <<< [apiv2][body] POST https://upload-firebasehosting.googleapis.com/upload/sites/maliasport/versions/ee28541f66cdf93c/files/f87a34aa921d3bc5a0d2796a1e522e171b1b4b1559783ddd170469b2bbbf85eb [stream]
[debug] [2026-04-12T12:34:58.552Z] [hosting][upload queue][FINAL] {"max":1945,"min":1941,"avg":1943,"active":0,"complete":2,"success":2,"errored":0,"retried":0,"total":2,"elapsed":1945}
[info] +  hosting[maliasport]: file upload complete 
[debug] [2026-04-12T12:34:58.553Z] [hosting] deploy completed after 3515ms
[debug] [2026-04-12T12:34:58.553Z] [
  {
    "config": {
      "public": "dist",
      "ignore": [
        "firebase.json",
        "**/.*",
        "**/node_modules/**"
      ],
      "rewrites": [
        {
          "source": "**",
          "destination": "/index.html"
        }
      ],
      "site": "maliasport"
    },
    "version": "projects/120452345721/sites/maliasport/versions/ee28541f66cdf93c"
  }
]
[info] i  hosting[maliasport]: finalizing version... 
[debug] [2026-04-12T12:34:58.558Z] Checked if tokens are valid: true, expires at: 1776000180034
[debug] [2026-04-12T12:34:58.558Z] Checked if tokens are valid: true, expires at: 1776000180034
[debug] [2026-04-12T12:34:58.558Z] >>> [apiv2][query] PATCH https://firebasehosting.googleapis.com/v1beta1/projects/-/sites/maliasport/versions/ee28541f66cdf93c updateMask=status%2Cconfig
[debug] [2026-04-12T12:34:58.559Z] >>> [apiv2][body] PATCH https://firebasehosting.googleapis.com/v1beta1/projects/-/sites/maliasport/versions/ee28541f66cdf93c {"status":"FINALIZED","config":{"rewrites":[{"glob":"**","path":"/index.html"}]}}
[debug] [2026-04-12T12:35:00.194Z] <<< [apiv2][status] PATCH https://firebasehosting.googleapis.com/v1beta1/projects/-/sites/maliasport/versions/ee28541f66cdf93c 200
[debug] [2026-04-12T12:35:00.194Z] <<< [apiv2][body] PATCH https://firebasehosting.googleapis.com/v1beta1/projects/-/sites/maliasport/versions/ee28541f66cdf93c {"name":"projects/120452345721/sites/maliasport/versions/ee28541f66cdf93c","status":"FINALIZED","config":{"rewrites":[{"glob":"**","path":"/index.html"}]},"labels":{"deployment-tool":"cli-firebase"},"createTime":"2026-04-12T12:34:41.202195Z","createUser":{"email":"maliasportehf@gmail.com"},"finalizeTime":"2026-04-12T12:34:46.708135Z","finalizeUser":{"email":"maliasportehf@gmail.com"}}
[debug] [2026-04-12T12:35:00.194Z] [hosting] finalized version for maliasport:[object Object]
[info] +  hosting[maliasport]: version finalized 
[info] i  hosting[maliasport]: releasing new version... 
[debug] [2026-04-12T12:35:00.195Z] Checked if tokens are valid: true, expires at: 1776000180034
[debug] [2026-04-12T12:35:00.196Z] Checked if tokens are valid: true, expires at: 1776000180034
[debug] [2026-04-12T12:35:00.196Z] >>> [apiv2][query] POST https://firebasehosting.googleapis.com/v1beta1/projects/-/sites/maliasport/channels/live/releases versionName=projects%2F120452345721%2Fsites%2Fmaliasport%2Fversions%2Fee28541f66cdf93c
[debug] [2026-04-12T12:35:00.196Z] >>> [apiv2][body] POST https://firebasehosting.googleapis.com/v1beta1/projects/-/sites/maliasport/channels/live/releases {}
[debug] [2026-04-12T12:35:02.238Z] <<< [apiv2][status] POST https://firebasehosting.googleapis.com/v1beta1/projects/-/sites/maliasport/channels/live/releases 200
[debug] [2026-04-12T12:36:30.885Z] ----------------------------------------------------------------------
[debug] [2026-04-12T12:36:30.889Z] Command:       C:\Program Files\nodejs\node.exe C:\Users\Friðrik\AppData\Roaming\npm\node_modules\firebase-tools\lib\bin\firebase.js deploy --only hosting --project maliasport
[debug] [2026-04-12T12:36:30.890Z] CLI Version:   15.12.0
[debug] [2026-04-12T12:36:30.890Z] Platform:      win32
[debug] [2026-04-12T12:36:30.890Z] Node Version:  v24.14.0
[debug] [2026-04-12T12:36:30.890Z] Time:          Sun Apr 12 2026 12:36:30 GMT+0000 (Greenwich Mean Time)
[debug] [2026-04-12T12:36:30.890Z] ----------------------------------------------------------------------
[debug] 
[debug] [2026-04-12T12:36:33.392Z] > command requires scopes: ["email","openid","https://www.googleapis.com/auth/cloudplatformprojects.readonly","https://www.googleapis.com/auth/firebase","https://www.googleapis.com/auth/cloud-platform"]
[debug] [2026-04-12T12:36:33.393Z] > authorizing via signed-in user (maliasportehf@gmail.com)
[debug] [2026-04-12T12:36:33.393Z] [iam] checking project maliasport for permissions ["firebase.projects.get","firebasehosting.sites.update"]
[debug] [2026-04-12T12:36:33.395Z] Checked if tokens are valid: true, expires at: 1776000180034
[debug] [2026-04-12T12:36:33.395Z] Checked if tokens are valid: true, expires at: 1776000180034
[debug] [2026-04-12T12:36:33.397Z] >>> [apiv2][query] POST https://cloudresourcemanager.googleapis.com/v1/projects/maliasport:testIamPermissions [none]
[debug] [2026-04-12T12:36:33.397Z] >>> [apiv2][(partial)header] POST https://cloudresourcemanager.googleapis.com/v1/projects/maliasport:testIamPermissions  x-goog-user-project=maliasport
[debug] [2026-04-12T12:36:33.397Z] >>> [apiv2][body] POST https://cloudresourcemanager.googleapis.com/v1/projects/maliasport:testIamPermissions {"permissions":["firebase.projects.get","firebasehosting.sites.update"]}
[debug] [2026-04-12T12:36:33.720Z] <<< [apiv2][status] POST https://cloudresourcemanager.googleapis.com/v1/projects/maliasport:testIamPermissions 200
[debug] [2026-04-12T12:36:33.720Z] <<< [apiv2][body] POST https://cloudresourcemanager.googleapis.com/v1/projects/maliasport:testIamPermissions {"permissions":["firebase.projects.get","firebasehosting.sites.update"]}
[debug] [2026-04-12T12:36:33.721Z] Checked if tokens are valid: true, expires at: 1776000180034
[debug] [2026-04-12T12:36:33.721Z] Checked if tokens are valid: true, expires at: 1776000180034
[debug] [2026-04-12T12:36:33.722Z] >>> [apiv2][query] GET https://firebase.googleapis.com/v1beta1/projects/maliasport [none]
[debug] [2026-04-12T12:36:34.133Z] <<< [apiv2][status] GET https://firebase.googleapis.com/v1beta1/projects/maliasport 200
[debug] [2026-04-12T12:36:34.134Z] <<< [apiv2][body] GET https://firebase.googleapis.com/v1beta1/projects/maliasport {"projectId":"maliasport","projectNumber":"120452345721","displayName":"maliasport","name":"projects/maliasport","resources":{"hostingSite":"maliasport"},"state":"ACTIVE","etag":"1_27339dbd-e7cf-41c7-a1b9-3950acd02f2f"}
[info] 
[info] === Deploying to 'maliasport'...
[info] 
[info] i  deploying hosting 
[debug] [2026-04-12T12:36:34.143Z] Checked if tokens are valid: true, expires at: 1776000180034
[debug] [2026-04-12T12:36:34.143Z] Checked if tokens are valid: true, expires at: 1776000180034
[debug] [2026-04-12T12:36:34.143Z] >>> [apiv2][query] POST https://firebasehosting.googleapis.com/v1beta1/projects/-/sites/maliasport/versions [none]
[debug] [2026-04-12T12:36:34.143Z] >>> [apiv2][body] POST https://firebasehosting.googleapis.com/v1beta1/projects/-/sites/maliasport/versions {"status":"CREATED","labels":{"deployment-tool":"cli-firebase"}}
[debug] [2026-04-12T12:36:35.951Z] <<< [apiv2][status] POST https://firebasehosting.googleapis.com/v1beta1/projects/-/sites/maliasport/versions 200
[debug] [2026-04-12T12:36:35.951Z] <<< [apiv2][body] POST https://firebasehosting.googleapis.com/v1beta1/projects/-/sites/maliasport/versions {"name":"projects/120452345721/sites/maliasport/versions/1f1587ca9ac1a372","status":"CREATED","config":{},"labels":{"deployment-tool":"cli-firebase"}}
[info] i  hosting[maliasport]: beginning deploy... 
[info] i  hosting[maliasport]: found 21 files in dist 
[debug] [2026-04-12T12:36:35.963Z] [hosting] uploading with 200 concurrency
[debug] [2026-04-12T12:36:35.974Z] Checked if tokens are valid: true, expires at: 1776000180034
[debug] [2026-04-12T12:36:35.974Z] Checked if tokens are valid: true, expires at: 1776000180034
[debug] [2026-04-12T12:36:35.975Z] [hosting] hash cache [ZGlzdA] stored for 21 files
[debug] [2026-04-12T12:36:35.975Z] [hosting][hash queue][FINAL] {"max":8,"min":1,"avg":1.5238095238095237,"active":0,"complete":21,"success":21,"errored":0,"retried":0,"total":21,"elapsed":11}
[debug] [2026-04-12T12:36:35.976Z] >>> [apiv2][query] POST https://firebasehosting.googleapis.com/v1beta1/projects/120452345721/sites/maliasport/versions/1f1587ca9ac1a372:populateFiles [none]
[debug] [2026-04-12T12:36:35.976Z] >>> [apiv2][body] POST https://firebasehosting.googleapis.com/v1beta1/projects/120452345721/sites/maliasport/versions/1f1587ca9ac1a372:populateFiles {"files":{"/p9.jpg":"62d7743d7b0552153df4477f4faf7cc4b1168d5a216a83b6a8abfad84234f99c","/p8.jpg":"5a4a1e25650235419b541cde78721b282a7337dd31e496d3ad5eee5ab070abb1","/p7.jpg":"2d4b9d5145093a43cb2c8f70dea4e732de24ca5b1f7ee58b7acfb9f965aaed84","/p6.jpg":"3ab0e5ebe3c21cb40809de72526db42042be461442993d1263982f8d0f27b6c1","/p5.jpg":"8bcc270f385985d17a8fd18b57920a8cacb1797743998d13f09c277a99178363","/p4.jpg":"60ee791d9a2b55e4ea1c7e4572d0aaa30f461f515d17be58f20d6a301555abd9","/p3.jpg":"6509cfafb6dab7e4974b9a757100b73a54ec9548490a7bfdafcc0827b4ba9900","/p2.jpg":"b7772a5343a30b1e140a445c15c4d1b82d9930373be53ec04f2b50d22b363540","/p17.jpg":"895b7354e385a6e55dcc716754de01f2c90005b47271893f530885d567f230c0","/p16.jpg":"3abfdd5ee59fb75df86a8d3ec8f060ace7a446925b106d20692ed0767ec42257","/p15.jpg":"1cab63fe2253b82056921383829527bc84d8132d987c2a2fdb8525eea39a89e7","/p14.jpg":"094c8fcc55e1c1adf8b214f312a5b5c48f1e82b4e8f9b93d1b198a69d1e78f37","/p13.jpg":"8096cdcb0991814d985f087884e6afe33f5503c30be30d93c8234646522c664c","/p12.jpg":"993262f4ed572abcf2ee361e3beb2736a19f8b635ed48574120f2305ab34d542","/p11.jpg":"03cf72b96fed21b3ed2fcb8102144a503b25dc612a198c2278544313f7f06a61","/p10.jpg":"35dc21c0fdef0dd8d1d5dc684493aa0c480195f405ed385d5a8ebbc529d1aaeb","/p1.jpg":"d8524d90096ca7c0017cb2124f3eb494550f03beed8a70cc1f00b4bb9fc8b6cb","/logo.png":"b1111297707a101abad6314a5e7589c7a9ac436919ee3fabed6446c93c97fbaf","/index.html":"9e4fbbf1661f41e3504c58da03765bad406f0c01f06f4750b9c5c2e66b90e7e8","/assets/index-3mK0d3Wv.css":"4409ffe10f8a47f3f89e504084df11756cda5c04dfb75d60191041297945c250","/assets/index-_eayfNk6.js":"4c442f1712f16c86a1c81128f785d36dde2f46198957d33864fdaec42754addf"}}
[debug] [2026-04-12T12:36:37.332Z] <<< [apiv2][status] POST https://firebasehosting.googleapis.com/v1beta1/projects/120452345721/sites/maliasport/versions/1f1587ca9ac1a372:populateFiles 200
[debug] [2026-04-12T12:36:37.332Z] <<< [apiv2][body] POST https://firebasehosting.googleapis.com/v1beta1/projects/120452345721/sites/maliasport/versions/1f1587ca9ac1a372:populateFiles {"uploadRequiredHashes":["4c442f1712f16c86a1c81128f785d36dde2f46198957d33864fdaec42754addf","9e4fbbf1661f41e3504c58da03765bad406f0c01f06f4750b9c5c2e66b90e7e8"],"uploadUrl":"https://upload-firebasehosting.googleapis.com/upload/sites/maliasport/versions/1f1587ca9ac1a372/files"}
[debug] [2026-04-12T12:36:37.333Z] Checked if tokens are valid: true, expires at: 1776000180034
[debug] [2026-04-12T12:36:37.333Z] Checked if tokens are valid: true, expires at: 1776000180034
[debug] [2026-04-12T12:36:37.334Z] Checked if tokens are valid: true, expires at: 1776000180034
[debug] [2026-04-12T12:36:37.334Z] Checked if tokens are valid: true, expires at: 1776000180034
[debug] [2026-04-12T12:36:37.334Z] >>> [apiv2][query] POST https://upload-firebasehosting.googleapis.com/upload/sites/maliasport/versions/1f1587ca9ac1a372/files/4c442f1712f16c86a1c81128f785d36dde2f46198957d33864fdaec42754addf [none]
[debug] [2026-04-12T12:36:37.334Z] >>> [apiv2][body] POST https://upload-firebasehosting.googleapis.com/upload/sites/maliasport/versions/1f1587ca9ac1a372/files/4c442f1712f16c86a1c81128f785d36dde2f46198957d33864fdaec42754addf [stream]
[debug] [2026-04-12T12:36:37.336Z] >>> [apiv2][query] POST https://upload-firebasehosting.googleapis.com/upload/sites/maliasport/versions/1f1587ca9ac1a372/files/9e4fbbf1661f41e3504c58da03765bad406f0c01f06f4750b9c5c2e66b90e7e8 [none]
[debug] [2026-04-12T12:36:37.336Z] >>> [apiv2][body] POST https://upload-firebasehosting.googleapis.com/upload/sites/maliasport/versions/1f1587ca9ac1a372/files/9e4fbbf1661f41e3504c58da03765bad406f0c01f06f4750b9c5c2e66b90e7e8 [stream]
[debug] [2026-04-12T12:36:37.337Z] [hosting][populate queue][FINAL] {"max":1360,"min":1360,"avg":1360,"active":0,"complete":1,"success":1,"errored":0,"retried":0,"total":1,"elapsed":1363}
[debug] [2026-04-12T12:36:37.337Z] [hosting] uploads queued: 2
[debug] [2026-04-12T12:36:38.905Z] <<< [apiv2][status] POST https://upload-firebasehosting.googleapis.com/upload/sites/maliasport/versions/1f1587ca9ac1a372/files/4c442f1712f16c86a1c81128f785d36dde2f46198957d33864fdaec42754addf 200
[debug] [2026-04-12T12:36:38.905Z] <<< [apiv2][body] POST https://upload-firebasehosting.googleapis.com/upload/sites/maliasport/versions/1f1587ca9ac1a372/files/4c442f1712f16c86a1c81128f785d36dde2f46198957d33864fdaec42754addf [stream]
[debug] [2026-04-12T12:36:39.295Z] <<< [apiv2][status] POST https://upload-firebasehosting.googleapis.com/upload/sites/maliasport/versions/1f1587ca9ac1a372/files/9e4fbbf1661f41e3504c58da03765bad406f0c01f06f4750b9c5c2e66b90e7e8 200
[debug] [2026-04-12T12:36:39.295Z] <<< [apiv2][body] POST https://upload-firebasehosting.googleapis.com/upload/sites/maliasport/versions/1f1587ca9ac1a372/files/9e4fbbf1661f41e3504c58da03765bad406f0c01f06f4750b9c5c2e66b90e7e8 [stream]
[debug] [2026-04-12T12:36:39.295Z] [hosting][upload queue][FINAL] {"max":1962,"min":1572,"avg":1767,"active":0,"complete":2,"success":2,"errored":0,"retried":0,"total":2,"elapsed":1962}
[info] +  hosting[maliasport]: file upload complete 
[debug] [2026-04-12T12:36:39.295Z] [hosting] deploy completed after 3341ms
[debug] [2026-04-12T12:36:39.296Z] [
  {
    "config": {
      "public": "dist",
      "ignore": [
        "firebase.json",
        "**/.*",
        "**/node_modules/**"
      ],
      "rewrites": [
        {
          "source": "**",
          "destination": "/index.html"
        }
      ],
      "site": "maliasport"
    },
    "version": "projects/120452345721/sites/maliasport/versions/1f1587ca9ac1a372"
  }
]
[info] i  hosting[maliasport]: finalizing version... 
[debug] [2026-04-12T12:36:39.297Z] Checked if tokens are valid: true, expires at: 1776000180034
[debug] [2026-04-12T12:36:39.297Z] Checked if tokens are valid: true, expires at: 1776000180034
[debug] [2026-04-12T12:36:39.297Z] >>> [apiv2][query] PATCH https://firebasehosting.googleapis.com/v1beta1/projects/-/sites/maliasport/versions/1f1587ca9ac1a372 updateMask=status%2Cconfig
[debug] [2026-04-12T12:36:39.298Z] >>> [apiv2][body] PATCH https://firebasehosting.googleapis.com/v1beta1/projects/-/sites/maliasport/versions/1f1587ca9ac1a372 {"status":"FINALIZED","config":{"rewrites":[{"glob":"**","path":"/index.html"}]}}
[debug] [2026-04-12T12:36:40.742Z] <<< [apiv2][status] PATCH https://firebasehosting.googleapis.com/v1beta1/projects/-/sites/maliasport/versions/1f1587ca9ac1a372 200
[debug] [2026-04-12T12:36:40.742Z] <<< [apiv2][body] PATCH https://firebasehosting.googleapis.com/v1beta1/projects/-/sites/maliasport/versions/1f1587ca9ac1a372 {"name":"projects/120452345721/sites/maliasport/versions/1f1587ca9ac1a372","status":"FINALIZED","config":{"rewrites":[{"glob":"**","path":"/index.html"}]},"labels":{"deployment-tool":"cli-firebase"},"createTime":"2026-04-12T12:36:21.847408Z","createUser":{"email":"maliasportehf@gmail.com"},"finalizeTime":"2026-04-12T12:36:27.433607Z","finalizeUser":{"email":"maliasportehf@gmail.com"}}
[debug] [2026-04-12T12:36:40.742Z] [hosting] finalized version for maliasport:[object Object]
[info] +  hosting[maliasport]: version finalized 
[info] i  hosting[maliasport]: releasing new version... 
[debug] [2026-04-12T12:36:40.743Z] Checked if tokens are valid: true, expires at: 1776000180034
[debug] [2026-04-12T12:36:40.743Z] Checked if tokens are valid: true, expires at: 1776000180034
[debug] [2026-04-12T12:36:40.743Z] >>> [apiv2][query] POST https://firebasehosting.googleapis.com/v1beta1/projects/-/sites/maliasport/channels/live/releases versionName=projects%2F120452345721%2Fsites%2Fmaliasport%2Fversions%2F1f1587ca9ac1a372
[debug] [2026-04-12T12:36:40.743Z] >>> [apiv2][body] POST https://firebasehosting.googleapis.com/v1beta1/projects/-/sites/maliasport/channels/live/releases {}
[debug] [2026-04-12T12:36:42.782Z] <<< [apiv2][status] POST https://firebasehosting.googleapis.com/v1beta1/projects/-/sites/maliasport/channels/live/releases 200
[debug] [2026-04-12T12:39:29.669Z] ----------------------------------------------------------------------
[debug] [2026-04-12T12:39:29.672Z] Command:       C:\Program Files\nodejs\node.exe C:\Users\Friðrik\AppData\Roaming\npm\node_modules\firebase-tools\lib\bin\firebase.js deploy --only hosting --project maliasport
[debug] [2026-04-12T12:39:29.672Z] CLI Version:   15.12.0
[debug] [2026-04-12T12:39:29.672Z] Platform:      win32
[debug] [2026-04-12T12:39:29.672Z] Node Version:  v24.14.0
[debug] [2026-04-12T12:39:29.673Z] Time:          Sun Apr 12 2026 12:39:29 GMT+0000 (Greenwich Mean Time)
[debug] [2026-04-12T12:39:29.673Z] ----------------------------------------------------------------------
[debug] 
[debug] [2026-04-12T12:39:30.764Z] > command requires scopes: ["email","openid","https://www.googleapis.com/auth/cloudplatformprojects.readonly","https://www.googleapis.com/auth/firebase","https://www.googleapis.com/auth/cloud-platform"]
[debug] [2026-04-12T12:39:30.764Z] > authorizing via signed-in user (maliasportehf@gmail.com)
[debug] [2026-04-12T12:39:30.764Z] [iam] checking project maliasport for permissions ["firebase.projects.get","firebasehosting.sites.update"]
[debug] [2026-04-12T12:39:30.765Z] Checked if tokens are valid: true, expires at: 1776000180034
[debug] [2026-04-12T12:39:30.765Z] Checked if tokens are valid: true, expires at: 1776000180034
[debug] [2026-04-12T12:39:30.766Z] >>> [apiv2][query] POST https://cloudresourcemanager.googleapis.com/v1/projects/maliasport:testIamPermissions [none]
[debug] [2026-04-12T12:39:30.766Z] >>> [apiv2][(partial)header] POST https://cloudresourcemanager.googleapis.com/v1/projects/maliasport:testIamPermissions  x-goog-user-project=maliasport
[debug] [2026-04-12T12:39:30.766Z] >>> [apiv2][body] POST https://cloudresourcemanager.googleapis.com/v1/projects/maliasport:testIamPermissions {"permissions":["firebase.projects.get","firebasehosting.sites.update"]}
[debug] [2026-04-12T12:39:31.029Z] <<< [apiv2][status] POST https://cloudresourcemanager.googleapis.com/v1/projects/maliasport:testIamPermissions 200
[debug] [2026-04-12T12:39:31.029Z] <<< [apiv2][body] POST https://cloudresourcemanager.googleapis.com/v1/projects/maliasport:testIamPermissions {"permissions":["firebase.projects.get","firebasehosting.sites.update"]}
[debug] [2026-04-12T12:39:31.030Z] Checked if tokens are valid: true, expires at: 1776000180034
[debug] [2026-04-12T12:39:31.030Z] Checked if tokens are valid: true, expires at: 1776000180034
[debug] [2026-04-12T12:39:31.030Z] >>> [apiv2][query] GET https://firebase.googleapis.com/v1beta1/projects/maliasport [none]
[debug] [2026-04-12T12:39:31.459Z] <<< [apiv2][status] GET https://firebase.googleapis.com/v1beta1/projects/maliasport 200
[debug] [2026-04-12T12:39:31.460Z] <<< [apiv2][body] GET https://firebase.googleapis.com/v1beta1/projects/maliasport {"projectId":"maliasport","projectNumber":"120452345721","displayName":"maliasport","name":"projects/maliasport","resources":{"hostingSite":"maliasport"},"state":"ACTIVE","etag":"1_27339dbd-e7cf-41c7-a1b9-3950acd02f2f"}
[info] 
[info] === Deploying to 'maliasport'...
[info] 
[info] i  deploying hosting 
[debug] [2026-04-12T12:39:31.467Z] Checked if tokens are valid: true, expires at: 1776000180034
[debug] [2026-04-12T12:39:31.467Z] Checked if tokens are valid: true, expires at: 1776000180034
[debug] [2026-04-12T12:39:31.468Z] >>> [apiv2][query] POST https://firebasehosting.googleapis.com/v1beta1/projects/-/sites/maliasport/versions [none]
[debug] [2026-04-12T12:39:31.468Z] >>> [apiv2][body] POST https://firebasehosting.googleapis.com/v1beta1/projects/-/sites/maliasport/versions {"status":"CREATED","labels":{"deployment-tool":"cli-firebase"}}
[debug] [2026-04-12T12:39:33.434Z] <<< [apiv2][status] POST https://firebasehosting.googleapis.com/v1beta1/projects/-/sites/maliasport/versions 200
[debug] [2026-04-12T12:39:33.434Z] <<< [apiv2][body] POST https://firebasehosting.googleapis.com/v1beta1/projects/-/sites/maliasport/versions {"name":"projects/120452345721/sites/maliasport/versions/0156cacd9d7bb513","status":"CREATED","config":{},"labels":{"deployment-tool":"cli-firebase"}}
[info] i  hosting[maliasport]: beginning deploy... 
[info] i  hosting[maliasport]: found 22 files in dist 
[debug] [2026-04-12T12:39:33.457Z] [hosting] uploading with 200 concurrency
[debug] [2026-04-12T12:39:33.468Z] Checked if tokens are valid: true, expires at: 1776000180034
[debug] [2026-04-12T12:39:33.468Z] Checked if tokens are valid: true, expires at: 1776000180034
[debug] [2026-04-12T12:39:33.469Z] [hosting] hash cache [ZGlzdA] stored for 22 files
[debug] [2026-04-12T12:39:33.469Z] [hosting][hash queue][FINAL] {"max":9,"min":1,"avg":1.9090909090909092,"active":0,"complete":22,"success":22,"errored":0,"retried":0,"total":22,"elapsed":11}
[debug] [2026-04-12T12:39:33.469Z] >>> [apiv2][query] POST https://firebasehosting.googleapis.com/v1beta1/projects/120452345721/sites/maliasport/versions/0156cacd9d7bb513:populateFiles [none]
[debug] [2026-04-12T12:39:33.469Z] >>> [apiv2][body] POST https://firebasehosting.googleapis.com/v1beta1/projects/120452345721/sites/maliasport/versions/0156cacd9d7bb513:populateFiles {"files":{"/p9.jpg":"62d7743d7b0552153df4477f4faf7cc4b1168d5a216a83b6a8abfad84234f99c","/p8.jpg":"5a4a1e25650235419b541cde78721b282a7337dd31e496d3ad5eee5ab070abb1","/p7.jpg":"2d4b9d5145093a43cb2c8f70dea4e732de24ca5b1f7ee58b7acfb9f965aaed84","/p6.jpg":"3ab0e5ebe3c21cb40809de72526db42042be461442993d1263982f8d0f27b6c1","/p5.jpg":"8bcc270f385985d17a8fd18b57920a8cacb1797743998d13f09c277a99178363","/p4.jpg":"60ee791d9a2b55e4ea1c7e4572d0aaa30f461f515d17be58f20d6a301555abd9","/p3.jpg":"6509cfafb6dab7e4974b9a757100b73a54ec9548490a7bfdafcc0827b4ba9900","/p2.jpg":"b7772a5343a30b1e140a445c15c4d1b82d9930373be53ec04f2b50d22b363540","/p17.jpg":"895b7354e385a6e55dcc716754de01f2c90005b47271893f530885d567f230c0","/p16.jpg":"3abfdd5ee59fb75df86a8d3ec8f060ace7a446925b106d20692ed0767ec42257","/p15.jpg":"1cab63fe2253b82056921383829527bc84d8132d987c2a2fdb8525eea39a89e7","/p14.jpg":"094c8fcc55e1c1adf8b214f312a5b5c48f1e82b4e8f9b93d1b198a69d1e78f37","/p13.jpg":"8096cdcb0991814d985f087884e6afe33f5503c30be30d93c8234646522c664c","/p12.jpg":"993262f4ed572abcf2ee361e3beb2736a19f8b635ed48574120f2305ab34d542","/p11.jpg":"03cf72b96fed21b3ed2fcb8102144a503b25dc612a198c2278544313f7f06a61","/p10.jpg":"35dc21c0fdef0dd8d1d5dc684493aa0c480195f405ed385d5a8ebbc529d1aaeb","/p1.jpg":"d8524d90096ca7c0017cb2124f3eb494550f03beed8a70cc1f00b4bb9fc8b6cb","/logo.png":"b1111297707a101abad6314a5e7589c7a9ac436919ee3fabed6446c93c97fbaf","/index.html":"e1479f0336700b6f79f32ca1a1eb95763e911d06b3853434e2c1c9060434e8c6","/assets/index-3mK0d3Wv.css":"4409ffe10f8a47f3f89e504084df11756cda5c04dfb75d60191041297945c250","/assets/index-mCtyyizQ.js":"a08ecff3617016571edc76895fe9e508614443acd01f09bc269873572bafe6ad","/gervigras.jpg":"7d493b7d289d3594293af7aabe2299ff1b1afd3f9c4d5337e4d111c3893af852"}}
[debug] [2026-04-12T12:39:34.337Z] <<< [apiv2][status] POST https://firebasehosting.googleapis.com/v1beta1/projects/120452345721/sites/maliasport/versions/0156cacd9d7bb513:populateFiles 200
[debug] [2026-04-12T12:39:34.337Z] <<< [apiv2][body] POST https://firebasehosting.googleapis.com/v1beta1/projects/120452345721/sites/maliasport/versions/0156cacd9d7bb513:populateFiles {"uploadRequiredHashes":["7d493b7d289d3594293af7aabe2299ff1b1afd3f9c4d5337e4d111c3893af852","e1479f0336700b6f79f32ca1a1eb95763e911d06b3853434e2c1c9060434e8c6","a08ecff3617016571edc76895fe9e508614443acd01f09bc269873572bafe6ad"],"uploadUrl":"https://upload-firebasehosting.googleapis.com/upload/sites/maliasport/versions/0156cacd9d7bb513/files"}
[debug] [2026-04-12T12:39:34.338Z] Checked if tokens are valid: true, expires at: 1776000180034
[debug] [2026-04-12T12:39:34.338Z] Checked if tokens are valid: true, expires at: 1776000180034
[debug] [2026-04-12T12:39:34.338Z] Checked if tokens are valid: true, expires at: 1776000180034
[debug] [2026-04-12T12:39:34.339Z] Checked if tokens are valid: true, expires at: 1776000180034
[debug] [2026-04-12T12:39:34.339Z] Checked if tokens are valid: true, expires at: 1776000180034
[debug] [2026-04-12T12:39:34.339Z] Checked if tokens are valid: true, expires at: 1776000180034
[debug] [2026-04-12T12:39:34.339Z] >>> [apiv2][query] POST https://upload-firebasehosting.googleapis.com/upload/sites/maliasport/versions/0156cacd9d7bb513/files/7d493b7d289d3594293af7aabe2299ff1b1afd3f9c4d5337e4d111c3893af852 [none]
[debug] [2026-04-12T12:39:34.339Z] >>> [apiv2][body] POST https://upload-firebasehosting.googleapis.com/upload/sites/maliasport/versions/0156cacd9d7bb513/files/7d493b7d289d3594293af7aabe2299ff1b1afd3f9c4d5337e4d111c3893af852 [stream]
[debug] [2026-04-12T12:39:34.340Z] >>> [apiv2][query] POST https://upload-firebasehosting.googleapis.com/upload/sites/maliasport/versions/0156cacd9d7bb513/files/e1479f0336700b6f79f32ca1a1eb95763e911d06b3853434e2c1c9060434e8c6 [none]
[debug] [2026-04-12T12:39:34.341Z] >>> [apiv2][body] POST https://upload-firebasehosting.googleapis.com/upload/sites/maliasport/versions/0156cacd9d7bb513/files/e1479f0336700b6f79f32ca1a1eb95763e911d06b3853434e2c1c9060434e8c6 [stream]
[debug] [2026-04-12T12:39:34.342Z] >>> [apiv2][query] POST https://upload-firebasehosting.googleapis.com/upload/sites/maliasport/versions/0156cacd9d7bb513/files/a08ecff3617016571edc76895fe9e508614443acd01f09bc269873572bafe6ad [none]
[debug] [2026-04-12T12:39:34.342Z] >>> [apiv2][body] POST https://upload-firebasehosting.googleapis.com/upload/sites/maliasport/versions/0156cacd9d7bb513/files/a08ecff3617016571edc76895fe9e508614443acd01f09bc269873572bafe6ad [stream]
[debug] [2026-04-12T12:39:34.343Z] [hosting][populate queue][FINAL] {"max":871,"min":871,"avg":871,"active":0,"complete":1,"success":1,"errored":0,"retried":0,"total":1,"elapsed":875}
[debug] [2026-04-12T12:39:34.343Z] [hosting] uploads queued: 3
[debug] [2026-04-12T12:39:35.996Z] <<< [apiv2][status] POST https://upload-firebasehosting.googleapis.com/upload/sites/maliasport/versions/0156cacd9d7bb513/files/e1479f0336700b6f79f32ca1a1eb95763e911d06b3853434e2c1c9060434e8c6 200
[debug] [2026-04-12T12:39:35.996Z] <<< [apiv2][body] POST https://upload-firebasehosting.googleapis.com/upload/sites/maliasport/versions/0156cacd9d7bb513/files/e1479f0336700b6f79f32ca1a1eb95763e911d06b3853434e2c1c9060434e8c6 [stream]
[debug] [2026-04-12T12:39:36.446Z] <<< [apiv2][status] POST https://upload-firebasehosting.googleapis.com/upload/sites/maliasport/versions/0156cacd9d7bb513/files/a08ecff3617016571edc76895fe9e508614443acd01f09bc269873572bafe6ad 200
[debug] [2026-04-12T12:39:36.446Z] <<< [apiv2][body] POST https://upload-firebasehosting.googleapis.com/upload/sites/maliasport/versions/0156cacd9d7bb513/files/a08ecff3617016571edc76895fe9e508614443acd01f09bc269873572bafe6ad [stream]
[debug] [2026-04-12T12:39:36.460Z] <<< [apiv2][status] POST https://upload-firebasehosting.googleapis.com/upload/sites/maliasport/versions/0156cacd9d7bb513/files/7d493b7d289d3594293af7aabe2299ff1b1afd3f9c4d5337e4d111c3893af852 200
[debug] [2026-04-12T12:39:36.461Z] <<< [apiv2][body] POST https://upload-firebasehosting.googleapis.com/upload/sites/maliasport/versions/0156cacd9d7bb513/files/7d493b7d289d3594293af7aabe2299ff1b1afd3f9c4d5337e4d111c3893af852 [stream]
[debug] [2026-04-12T12:39:36.461Z] [hosting][upload queue][FINAL] {"max":2124,"min":1658,"avg":1963,"active":0,"complete":3,"success":3,"errored":0,"retried":0,"total":3,"elapsed":2124}
[info] +  hosting[maliasport]: file upload complete 
[debug] [2026-04-12T12:39:36.462Z] [hosting] deploy completed after 3021ms
[debug] [2026-04-12T12:39:36.462Z] [
  {
    "config": {
      "public": "dist",
      "ignore": [
        "firebase.json",
        "**/.*",
        "**/node_modules/**"
      ],
      "rewrites": [
        {
          "source": "**",
          "destination": "/index.html"
        }
      ],
      "site": "maliasport"
    },
    "version": "projects/120452345721/sites/maliasport/versions/0156cacd9d7bb513"
  }
]
[info] i  hosting[maliasport]: finalizing version... 
[debug] [2026-04-12T12:39:36.465Z] Checked if tokens are valid: true, expires at: 1776000180034
[debug] [2026-04-12T12:39:36.466Z] Checked if tokens are valid: true, expires at: 1776000180034
[debug] [2026-04-12T12:39:36.466Z] >>> [apiv2][query] PATCH https://firebasehosting.googleapis.com/v1beta1/projects/-/sites/maliasport/versions/0156cacd9d7bb513 updateMask=status%2Cconfig
[debug] [2026-04-12T12:39:36.466Z] >>> [apiv2][body] PATCH https://firebasehosting.googleapis.com/v1beta1/projects/-/sites/maliasport/versions/0156cacd9d7bb513 {"status":"FINALIZED","config":{"rewrites":[{"glob":"**","path":"/index.html"}]}}
[debug] [2026-04-12T12:39:37.906Z] <<< [apiv2][status] PATCH https://firebasehosting.googleapis.com/v1beta1/projects/-/sites/maliasport/versions/0156cacd9d7bb513 200
[debug] [2026-04-12T12:39:37.907Z] <<< [apiv2][body] PATCH https://firebasehosting.googleapis.com/v1beta1/projects/-/sites/maliasport/versions/0156cacd9d7bb513 {"name":"projects/120452345721/sites/maliasport/versions/0156cacd9d7bb513","status":"FINALIZED","config":{"rewrites":[{"glob":"**","path":"/index.html"}]},"labels":{"deployment-tool":"cli-firebase"},"createTime":"2026-04-12T12:39:19.076456Z","createUser":{"email":"maliasportehf@gmail.com"},"finalizeTime":"2026-04-12T12:39:24.600813Z","finalizeUser":{"email":"maliasportehf@gmail.com"}}
[debug] [2026-04-12T12:39:37.907Z] [hosting] finalized version for maliasport:[object Object]
[info] +  hosting[maliasport]: version finalized 
[info] i  hosting[maliasport]: releasing new version... 
[debug] [2026-04-12T12:39:37.908Z] Checked if tokens are valid: true, expires at: 1776000180034
[debug] [2026-04-12T12:39:37.908Z] Checked if tokens are valid: true, expires at: 1776000180034
[debug] [2026-04-12T12:39:37.908Z] >>> [apiv2][query] POST https://firebasehosting.googleapis.com/v1beta1/projects/-/sites/maliasport/channels/live/releases versionName=projects%2F120452345721%2Fsites%2Fmaliasport%2Fversions%2F0156cacd9d7bb513
[debug] [2026-04-12T12:39:37.908Z] >>> [apiv2][body] POST https://firebasehosting.googleapis.com/v1beta1/projects/-/sites/maliasport/channels/live/releases {}
[debug] [2026-04-12T12:39:39.814Z] <<< [apiv2][status] POST https://firebasehosting.googleapis.com/v1beta1/projects/-/sites/maliasport/channels/live/releases 200
[debug] [2026-04-12T12:41:44.299Z] ----------------------------------------------------------------------
[debug] [2026-04-12T12:41:44.300Z] Command:       C:\Program Files\nodejs\node.exe C:\Users\Friðrik\AppData\Roaming\npm\node_modules\firebase-tools\lib\bin\firebase.js deploy --only hosting --project maliasport
[debug] [2026-04-12T12:41:44.300Z] CLI Version:   15.12.0
[debug] [2026-04-12T12:41:44.301Z] Platform:      win32
[debug] [2026-04-12T12:41:44.301Z] Node Version:  v24.14.0
[debug] [2026-04-12T12:41:44.301Z] Time:          Sun Apr 12 2026 12:41:44 GMT+0000 (Greenwich Mean Time)
[debug] [2026-04-12T12:41:44.301Z] ----------------------------------------------------------------------
[debug] 
[debug] [2026-04-12T12:41:45.406Z] > command requires scopes: ["email","openid","https://www.googleapis.com/auth/cloudplatformprojects.readonly","https://www.googleapis.com/auth/firebase","https://www.googleapis.com/auth/cloud-platform"]
[debug] [2026-04-12T12:41:45.406Z] > authorizing via signed-in user (maliasportehf@gmail.com)
[debug] [2026-04-12T12:41:45.406Z] [iam] checking project maliasport for permissions ["firebase.projects.get","firebasehosting.sites.update"]
[debug] [2026-04-12T12:41:45.407Z] Checked if tokens are valid: true, expires at: 1776000180034
[debug] [2026-04-12T12:41:45.407Z] Checked if tokens are valid: true, expires at: 1776000180034
[debug] [2026-04-12T12:41:45.408Z] >>> [apiv2][query] POST https://cloudresourcemanager.googleapis.com/v1/projects/maliasport:testIamPermissions [none]
[debug] [2026-04-12T12:41:45.408Z] >>> [apiv2][(partial)header] POST https://cloudresourcemanager.googleapis.com/v1/projects/maliasport:testIamPermissions  x-goog-user-project=maliasport
[debug] [2026-04-12T12:41:45.408Z] >>> [apiv2][body] POST https://cloudresourcemanager.googleapis.com/v1/projects/maliasport:testIamPermissions {"permissions":["firebase.projects.get","firebasehosting.sites.update"]}
[debug] [2026-04-12T12:41:45.716Z] <<< [apiv2][status] POST https://cloudresourcemanager.googleapis.com/v1/projects/maliasport:testIamPermissions 200
[debug] [2026-04-12T12:41:45.717Z] <<< [apiv2][body] POST https://cloudresourcemanager.googleapis.com/v1/projects/maliasport:testIamPermissions {"permissions":["firebase.projects.get","firebasehosting.sites.update"]}
[debug] [2026-04-12T12:41:45.718Z] Checked if tokens are valid: true, expires at: 1776000180034
[debug] [2026-04-12T12:41:45.718Z] Checked if tokens are valid: true, expires at: 1776000180034
[debug] [2026-04-12T12:41:45.719Z] >>> [apiv2][query] GET https://firebase.googleapis.com/v1beta1/projects/maliasport [none]
[debug] [2026-04-12T12:41:46.065Z] <<< [apiv2][status] GET https://firebase.googleapis.com/v1beta1/projects/maliasport 200
[debug] [2026-04-12T12:41:46.065Z] <<< [apiv2][body] GET https://firebase.googleapis.com/v1beta1/projects/maliasport {"projectId":"maliasport","projectNumber":"120452345721","displayName":"maliasport","name":"projects/maliasport","resources":{"hostingSite":"maliasport"},"state":"ACTIVE","etag":"1_27339dbd-e7cf-41c7-a1b9-3950acd02f2f"}
[info] 
[info] === Deploying to 'maliasport'...
[info] 
[info] i  deploying hosting 
[debug] [2026-04-12T12:41:46.068Z] Checked if tokens are valid: true, expires at: 1776000180034
[debug] [2026-04-12T12:41:46.069Z] Checked if tokens are valid: true, expires at: 1776000180034
[debug] [2026-04-12T12:41:46.069Z] >>> [apiv2][query] POST https://firebasehosting.googleapis.com/v1beta1/projects/-/sites/maliasport/versions [none]
[debug] [2026-04-12T12:41:46.069Z] >>> [apiv2][body] POST https://firebasehosting.googleapis.com/v1beta1/projects/-/sites/maliasport/versions {"status":"CREATED","labels":{"deployment-tool":"cli-firebase"}}
[debug] [2026-04-12T12:41:47.674Z] <<< [apiv2][status] POST https://firebasehosting.googleapis.com/v1beta1/projects/-/sites/maliasport/versions 200
[debug] [2026-04-12T12:41:47.675Z] <<< [apiv2][body] POST https://firebasehosting.googleapis.com/v1beta1/projects/-/sites/maliasport/versions {"name":"projects/120452345721/sites/maliasport/versions/0ae0d86b4840f177","status":"CREATED","config":{},"labels":{"deployment-tool":"cli-firebase"}}
[info] i  hosting[maliasport]: beginning deploy... 
[info] i  hosting[maliasport]: found 22 files in dist 
[debug] [2026-04-12T12:41:47.687Z] [hosting] uploading with 200 concurrency
[debug] [2026-04-12T12:41:47.697Z] Checked if tokens are valid: true, expires at: 1776000180034
[debug] [2026-04-12T12:41:47.697Z] Checked if tokens are valid: true, expires at: 1776000180034
[debug] [2026-04-12T12:41:47.698Z] [hosting] hash cache [ZGlzdA] stored for 22 files
[debug] [2026-04-12T12:41:47.698Z] [hosting][hash queue][FINAL] {"max":8,"min":1,"avg":1.5,"active":0,"complete":22,"success":22,"errored":0,"retried":0,"total":22,"elapsed":10}
[debug] [2026-04-12T12:41:47.698Z] >>> [apiv2][query] POST https://firebasehosting.googleapis.com/v1beta1/projects/120452345721/sites/maliasport/versions/0ae0d86b4840f177:populateFiles [none]
[debug] [2026-04-12T12:41:47.698Z] >>> [apiv2][body] POST https://firebasehosting.googleapis.com/v1beta1/projects/120452345721/sites/maliasport/versions/0ae0d86b4840f177:populateFiles {"files":{"/p9.jpg":"62d7743d7b0552153df4477f4faf7cc4b1168d5a216a83b6a8abfad84234f99c","/p8.jpg":"5a4a1e25650235419b541cde78721b282a7337dd31e496d3ad5eee5ab070abb1","/p7.jpg":"2d4b9d5145093a43cb2c8f70dea4e732de24ca5b1f7ee58b7acfb9f965aaed84","/p6.jpg":"3ab0e5ebe3c21cb40809de72526db42042be461442993d1263982f8d0f27b6c1","/p5.jpg":"8bcc270f385985d17a8fd18b57920a8cacb1797743998d13f09c277a99178363","/p4.jpg":"60ee791d9a2b55e4ea1c7e4572d0aaa30f461f515d17be58f20d6a301555abd9","/p3.jpg":"6509cfafb6dab7e4974b9a757100b73a54ec9548490a7bfdafcc0827b4ba9900","/p2.jpg":"b7772a5343a30b1e140a445c15c4d1b82d9930373be53ec04f2b50d22b363540","/p17.jpg":"895b7354e385a6e55dcc716754de01f2c90005b47271893f530885d567f230c0","/p16.jpg":"3abfdd5ee59fb75df86a8d3ec8f060ace7a446925b106d20692ed0767ec42257","/p15.jpg":"1cab63fe2253b82056921383829527bc84d8132d987c2a2fdb8525eea39a89e7","/p14.jpg":"094c8fcc55e1c1adf8b214f312a5b5c48f1e82b4e8f9b93d1b198a69d1e78f37","/p13.jpg":"8096cdcb0991814d985f087884e6afe33f5503c30be30d93c8234646522c664c","/p12.jpg":"993262f4ed572abcf2ee361e3beb2736a19f8b635ed48574120f2305ab34d542","/p11.jpg":"03cf72b96fed21b3ed2fcb8102144a503b25dc612a198c2278544313f7f06a61","/p10.jpg":"35dc21c0fdef0dd8d1d5dc684493aa0c480195f405ed385d5a8ebbc529d1aaeb","/p1.jpg":"d8524d90096ca7c0017cb2124f3eb494550f03beed8a70cc1f00b4bb9fc8b6cb","/logo.png":"b1111297707a101abad6314a5e7589c7a9ac436919ee3fabed6446c93c97fbaf","/gervigras.jpg":"7d493b7d289d3594293af7aabe2299ff1b1afd3f9c4d5337e4d111c3893af852","/index.html":"2ccb59dc3d444c74128cd13b8e0141a7a6f5b46eed3c82a618c6f8e5dcbc7846","/assets/index-3mK0d3Wv.css":"4409ffe10f8a47f3f89e504084df11756cda5c04dfb75d60191041297945c250","/assets/index-BTEX66-S.js":"6f48344bb4c90f64bb13fb864fb7131e08f01ca0e813c39b68ac3fa73036a325"}}
[debug] [2026-04-12T12:41:48.644Z] <<< [apiv2][status] POST https://firebasehosting.googleapis.com/v1beta1/projects/120452345721/sites/maliasport/versions/0ae0d86b4840f177:populateFiles 200
[debug] [2026-04-12T12:41:48.644Z] <<< [apiv2][body] POST https://firebasehosting.googleapis.com/v1beta1/projects/120452345721/sites/maliasport/versions/0ae0d86b4840f177:populateFiles {"uploadRequiredHashes":["2ccb59dc3d444c74128cd13b8e0141a7a6f5b46eed3c82a618c6f8e5dcbc7846","6f48344bb4c90f64bb13fb864fb7131e08f01ca0e813c39b68ac3fa73036a325"],"uploadUrl":"https://upload-firebasehosting.googleapis.com/upload/sites/maliasport/versions/0ae0d86b4840f177/files"}
[debug] [2026-04-12T12:41:48.645Z] Checked if tokens are valid: true, expires at: 1776000180034
[debug] [2026-04-12T12:41:48.645Z] Checked if tokens are valid: true, expires at: 1776000180034
[debug] [2026-04-12T12:41:48.646Z] Checked if tokens are valid: true, expires at: 1776000180034
[debug] [2026-04-12T12:41:48.646Z] Checked if tokens are valid: true, expires at: 1776000180034
[debug] [2026-04-12T12:41:48.646Z] >>> [apiv2][query] POST https://upload-firebasehosting.googleapis.com/upload/sites/maliasport/versions/0ae0d86b4840f177/files/2ccb59dc3d444c74128cd13b8e0141a7a6f5b46eed3c82a618c6f8e5dcbc7846 [none]
[debug] [2026-04-12T12:41:48.646Z] >>> [apiv2][body] POST https://upload-firebasehosting.googleapis.com/upload/sites/maliasport/versions/0ae0d86b4840f177/files/2ccb59dc3d444c74128cd13b8e0141a7a6f5b46eed3c82a618c6f8e5dcbc7846 [stream]
[debug] [2026-04-12T12:41:48.648Z] >>> [apiv2][query] POST https://upload-firebasehosting.googleapis.com/upload/sites/maliasport/versions/0ae0d86b4840f177/files/6f48344bb4c90f64bb13fb864fb7131e08f01ca0e813c39b68ac3fa73036a325 [none]
[debug] [2026-04-12T12:41:48.648Z] >>> [apiv2][body] POST https://upload-firebasehosting.googleapis.com/upload/sites/maliasport/versions/0ae0d86b4840f177/files/6f48344bb4c90f64bb13fb864fb7131e08f01ca0e813c39b68ac3fa73036a325 [stream]
[debug] [2026-04-12T12:41:48.650Z] [hosting][populate queue][FINAL] {"max":949,"min":949,"avg":949,"active":0,"complete":1,"success":1,"errored":0,"retried":0,"total":1,"elapsed":953}
[debug] [2026-04-12T12:41:48.650Z] [hosting] uploads queued: 2
[debug] [2026-04-12T12:41:50.115Z] <<< [apiv2][status] POST https://upload-firebasehosting.googleapis.com/upload/sites/maliasport/versions/0ae0d86b4840f177/files/6f48344bb4c90f64bb13fb864fb7131e08f01ca0e813c39b68ac3fa73036a325 200
[debug] [2026-04-12T12:41:50.115Z] <<< [apiv2][body] POST https://upload-firebasehosting.googleapis.com/upload/sites/maliasport/versions/0ae0d86b4840f177/files/6f48344bb4c90f64bb13fb864fb7131e08f01ca0e813c39b68ac3fa73036a325 [stream]
[debug] [2026-04-12T12:41:50.405Z] <<< [apiv2][status] POST https://upload-firebasehosting.googleapis.com/upload/sites/maliasport/versions/0ae0d86b4840f177/files/2ccb59dc3d444c74128cd13b8e0141a7a6f5b46eed3c82a618c6f8e5dcbc7846 200
[debug] [2026-04-12T12:41:50.405Z] <<< [apiv2][body] POST https://upload-firebasehosting.googleapis.com/upload/sites/maliasport/versions/0ae0d86b4840f177/files/2ccb59dc3d444c74128cd13b8e0141a7a6f5b46eed3c82a618c6f8e5dcbc7846 [stream]
[debug] [2026-04-12T12:41:50.405Z] [hosting][upload queue][FINAL] {"max":1761,"min":1469,"avg":1615,"active":0,"complete":2,"success":2,"errored":0,"retried":0,"total":2,"elapsed":1761}
[info] +  hosting[maliasport]: file upload complete 
[debug] [2026-04-12T12:41:50.406Z] [hosting] deploy completed after 2728ms
[debug] [2026-04-12T12:41:50.407Z] [
  {
    "config": {
      "public": "dist",
      "ignore": [
        "firebase.json",
        "**/.*",
        "**/node_modules/**"
      ],
      "rewrites": [
        {
          "source": "**",
          "destination": "/index.html"
        }
      ],
      "site": "maliasport"
    },
    "version": "projects/120452345721/sites/maliasport/versions/0ae0d86b4840f177"
  }
]
[info] i  hosting[maliasport]: finalizing version... 
[debug] [2026-04-12T12:41:50.410Z] Checked if tokens are valid: true, expires at: 1776000180034
[debug] [2026-04-12T12:41:50.410Z] Checked if tokens are valid: true, expires at: 1776000180034
[debug] [2026-04-12T12:41:50.410Z] >>> [apiv2][query] PATCH https://firebasehosting.googleapis.com/v1beta1/projects/-/sites/maliasport/versions/0ae0d86b4840f177 updateMask=status%2Cconfig
[debug] [2026-04-12T12:41:50.410Z] >>> [apiv2][body] PATCH https://firebasehosting.googleapis.com/v1beta1/projects/-/sites/maliasport/versions/0ae0d86b4840f177 {"status":"FINALIZED","config":{"rewrites":[{"glob":"**","path":"/index.html"}]}}
[debug] [2026-04-12T12:41:52.088Z] <<< [apiv2][status] PATCH https://firebasehosting.googleapis.com/v1beta1/projects/-/sites/maliasport/versions/0ae0d86b4840f177 200
[debug] [2026-04-12T12:41:52.088Z] <<< [apiv2][body] PATCH https://firebasehosting.googleapis.com/v1beta1/projects/-/sites/maliasport/versions/0ae0d86b4840f177 {"name":"projects/120452345721/sites/maliasport/versions/0ae0d86b4840f177","status":"FINALIZED","config":{"rewrites":[{"glob":"**","path":"/index.html"}]},"labels":{"deployment-tool":"cli-firebase"},"createTime":"2026-04-12T12:41:33.798973Z","createUser":{"email":"maliasportehf@gmail.com"},"finalizeTime":"2026-04-12T12:41:38.785964Z","finalizeUser":{"email":"maliasportehf@gmail.com"}}
[debug] [2026-04-12T12:41:52.088Z] [hosting] finalized version for maliasport:[object Object]
[info] +  hosting[maliasport]: version finalized 
[info] i  hosting[maliasport]: releasing new version... 
[debug] [2026-04-12T12:41:52.089Z] Checked if tokens are valid: true, expires at: 1776000180034
[debug] [2026-04-12T12:41:52.089Z] Checked if tokens are valid: true, expires at: 1776000180034
[debug] [2026-04-12T12:41:52.089Z] >>> [apiv2][query] POST https://firebasehosting.googleapis.com/v1beta1/projects/-/sites/maliasport/channels/live/releases versionName=projects%2F120452345721%2Fsites%2Fmaliasport%2Fversions%2F0ae0d86b4840f177
[debug] [2026-04-12T12:41:52.089Z] >>> [apiv2][body] POST https://firebasehosting.googleapis.com/v1beta1/projects/-/sites/maliasport/channels/live/releases {}
[debug] [2026-04-12T12:41:54.014Z] <<< [apiv2][status] POST https://firebasehosting.googleapis.com/v1beta1/projects/-/sites/maliasport/channels/live/releases 200
[debug] [2026-04-12T12:44:12.376Z] ----------------------------------------------------------------------
[debug] [2026-04-12T12:44:12.377Z] Command:       C:\Program Files\nodejs\node.exe C:\Users\Friðrik\AppData\Roaming\npm\node_modules\firebase-tools\lib\bin\firebase.js deploy --only hosting --project maliasport
[debug] [2026-04-12T12:44:12.378Z] CLI Version:   15.12.0
[debug] [2026-04-12T12:44:12.378Z] Platform:      win32
[debug] [2026-04-12T12:44:12.378Z] Node Version:  v24.14.0
[debug] [2026-04-12T12:44:12.378Z] Time:          Sun Apr 12 2026 12:44:12 GMT+0000 (Greenwich Mean Time)
[debug] [2026-04-12T12:44:12.378Z] ----------------------------------------------------------------------
[debug] 
[debug] [2026-04-12T12:44:13.579Z] > command requires scopes: ["email","openid","https://www.googleapis.com/auth/cloudplatformprojects.readonly","https://www.googleapis.com/auth/firebase","https://www.googleapis.com/auth/cloud-platform"]
[debug] [2026-04-12T12:44:13.579Z] > authorizing via signed-in user (maliasportehf@gmail.com)
[debug] [2026-04-12T12:44:13.579Z] [iam] checking project maliasport for permissions ["firebase.projects.get","firebasehosting.sites.update"]
[debug] [2026-04-12T12:44:13.580Z] Checked if tokens are valid: true, expires at: 1776000180034
[debug] [2026-04-12T12:44:13.580Z] Checked if tokens are valid: true, expires at: 1776000180034
[debug] [2026-04-12T12:44:13.581Z] >>> [apiv2][query] POST https://cloudresourcemanager.googleapis.com/v1/projects/maliasport:testIamPermissions [none]
[debug] [2026-04-12T12:44:13.581Z] >>> [apiv2][(partial)header] POST https://cloudresourcemanager.googleapis.com/v1/projects/maliasport:testIamPermissions  x-goog-user-project=maliasport
[debug] [2026-04-12T12:44:13.581Z] >>> [apiv2][body] POST https://cloudresourcemanager.googleapis.com/v1/projects/maliasport:testIamPermissions {"permissions":["firebase.projects.get","firebasehosting.sites.update"]}
[debug] [2026-04-12T12:44:14.346Z] <<< [apiv2][status] POST https://cloudresourcemanager.googleapis.com/v1/projects/maliasport:testIamPermissions 200
[debug] [2026-04-12T12:44:14.346Z] <<< [apiv2][body] POST https://cloudresourcemanager.googleapis.com/v1/projects/maliasport:testIamPermissions {"permissions":["firebase.projects.get","firebasehosting.sites.update"]}
[debug] [2026-04-12T12:44:14.346Z] Checked if tokens are valid: true, expires at: 1776000180034
[debug] [2026-04-12T12:44:14.347Z] Checked if tokens are valid: true, expires at: 1776000180034
[debug] [2026-04-12T12:44:14.347Z] >>> [apiv2][query] GET https://firebase.googleapis.com/v1beta1/projects/maliasport [none]
[debug] [2026-04-12T12:44:14.753Z] <<< [apiv2][status] GET https://firebase.googleapis.com/v1beta1/projects/maliasport 200
[debug] [2026-04-12T12:44:14.753Z] <<< [apiv2][body] GET https://firebase.googleapis.com/v1beta1/projects/maliasport {"projectId":"maliasport","projectNumber":"120452345721","displayName":"maliasport","name":"projects/maliasport","resources":{"hostingSite":"maliasport"},"state":"ACTIVE","etag":"1_27339dbd-e7cf-41c7-a1b9-3950acd02f2f"}
[info] 
[info] === Deploying to 'maliasport'...
[info] 
[info] i  deploying hosting 
[debug] [2026-04-12T12:44:14.761Z] Checked if tokens are valid: true, expires at: 1776000180034
[debug] [2026-04-12T12:44:14.761Z] Checked if tokens are valid: true, expires at: 1776000180034
[debug] [2026-04-12T12:44:14.761Z] >>> [apiv2][query] POST https://firebasehosting.googleapis.com/v1beta1/projects/-/sites/maliasport/versions [none]
[debug] [2026-04-12T12:44:14.761Z] >>> [apiv2][body] POST https://firebasehosting.googleapis.com/v1beta1/projects/-/sites/maliasport/versions {"status":"CREATED","labels":{"deployment-tool":"cli-firebase"}}
[debug] [2026-04-12T12:44:16.386Z] <<< [apiv2][status] POST https://firebasehosting.googleapis.com/v1beta1/projects/-/sites/maliasport/versions 200
[debug] [2026-04-12T12:44:16.386Z] <<< [apiv2][body] POST https://firebasehosting.googleapis.com/v1beta1/projects/-/sites/maliasport/versions {"name":"projects/120452345721/sites/maliasport/versions/4950d0f6fda3b53f","status":"CREATED","config":{},"labels":{"deployment-tool":"cli-firebase"}}
[info] i  hosting[maliasport]: beginning deploy... 
[info] i  hosting[maliasport]: found 22 files in dist 
[debug] [2026-04-12T12:44:16.399Z] [hosting] uploading with 200 concurrency
[debug] [2026-04-12T12:44:16.410Z] Checked if tokens are valid: true, expires at: 1776000180034
[debug] [2026-04-12T12:44:16.410Z] Checked if tokens are valid: true, expires at: 1776000180034
[debug] [2026-04-12T12:44:16.411Z] [hosting] hash cache [ZGlzdA] stored for 22 files
[debug] [2026-04-12T12:44:16.411Z] [hosting][hash queue][FINAL] {"max":8,"min":0,"avg":0.6818181818181818,"active":0,"complete":22,"success":22,"errored":0,"retried":0,"total":22,"elapsed":11}
[debug] [2026-04-12T12:44:16.411Z] >>> [apiv2][query] POST https://firebasehosting.googleapis.com/v1beta1/projects/120452345721/sites/maliasport/versions/4950d0f6fda3b53f:populateFiles [none]
[debug] [2026-04-12T12:44:16.411Z] >>> [apiv2][body] POST https://firebasehosting.googleapis.com/v1beta1/projects/120452345721/sites/maliasport/versions/4950d0f6fda3b53f:populateFiles {"files":{"/p9.jpg":"62d7743d7b0552153df4477f4faf7cc4b1168d5a216a83b6a8abfad84234f99c","/p8.jpg":"5a4a1e25650235419b541cde78721b282a7337dd31e496d3ad5eee5ab070abb1","/p7.jpg":"2d4b9d5145093a43cb2c8f70dea4e732de24ca5b1f7ee58b7acfb9f965aaed84","/p6.jpg":"3ab0e5ebe3c21cb40809de72526db42042be461442993d1263982f8d0f27b6c1","/p5.jpg":"8bcc270f385985d17a8fd18b57920a8cacb1797743998d13f09c277a99178363","/p4.jpg":"60ee791d9a2b55e4ea1c7e4572d0aaa30f461f515d17be58f20d6a301555abd9","/p3.jpg":"6509cfafb6dab7e4974b9a757100b73a54ec9548490a7bfdafcc0827b4ba9900","/p2.jpg":"b7772a5343a30b1e140a445c15c4d1b82d9930373be53ec04f2b50d22b363540","/p17.jpg":"895b7354e385a6e55dcc716754de01f2c90005b47271893f530885d567f230c0","/p16.jpg":"3abfdd5ee59fb75df86a8d3ec8f060ace7a446925b106d20692ed0767ec42257","/p15.jpg":"1cab63fe2253b82056921383829527bc84d8132d987c2a2fdb8525eea39a89e7","/p14.jpg":"094c8fcc55e1c1adf8b214f312a5b5c48f1e82b4e8f9b93d1b198a69d1e78f37","/p13.jpg":"8096cdcb0991814d985f087884e6afe33f5503c30be30d93c8234646522c664c","/p12.jpg":"993262f4ed572abcf2ee361e3beb2736a19f8b635ed48574120f2305ab34d542","/p11.jpg":"03cf72b96fed21b3ed2fcb8102144a503b25dc612a198c2278544313f7f06a61","/p10.jpg":"35dc21c0fdef0dd8d1d5dc684493aa0c480195f405ed385d5a8ebbc529d1aaeb","/p1.jpg":"d8524d90096ca7c0017cb2124f3eb494550f03beed8a70cc1f00b4bb9fc8b6cb","/logo.png":"b1111297707a101abad6314a5e7589c7a9ac436919ee3fabed6446c93c97fbaf","/gervigras.jpg":"7d493b7d289d3594293af7aabe2299ff1b1afd3f9c4d5337e4d111c3893af852","/index.html":"b42960a3886ca0712a08c092b533f9a544bf1ffcdfc314f7c41e595529969cd9","/assets/index-BPsbB8Mt.css":"af63c2fb47213a77c7cc08528f620a95f5b21f3afb55f317c21c19aa8a7a077e","/assets/index-G0iHpEMw.js":"6f48344bb4c90f64bb13fb864fb7131e08f01ca0e813c39b68ac3fa73036a325"}}
[debug] [2026-04-12T12:44:17.233Z] <<< [apiv2][status] POST https://firebasehosting.googleapis.com/v1beta1/projects/120452345721/sites/maliasport/versions/4950d0f6fda3b53f:populateFiles 200
[debug] [2026-04-12T12:44:17.233Z] <<< [apiv2][body] POST https://firebasehosting.googleapis.com/v1beta1/projects/120452345721/sites/maliasport/versions/4950d0f6fda3b53f:populateFiles {"uploadRequiredHashes":["b42960a3886ca0712a08c092b533f9a544bf1ffcdfc314f7c41e595529969cd9","af63c2fb47213a77c7cc08528f620a95f5b21f3afb55f317c21c19aa8a7a077e"],"uploadUrl":"https://upload-firebasehosting.googleapis.com/upload/sites/maliasport/versions/4950d0f6fda3b53f/files"}
[debug] [2026-04-12T12:44:17.234Z] Checked if tokens are valid: true, expires at: 1776000180034
[debug] [2026-04-12T12:44:17.234Z] Checked if tokens are valid: true, expires at: 1776000180034
[debug] [2026-04-12T12:44:17.235Z] Checked if tokens are valid: true, expires at: 1776000180034
[debug] [2026-04-12T12:44:17.235Z] Checked if tokens are valid: true, expires at: 1776000180034
[debug] [2026-04-12T12:44:17.235Z] >>> [apiv2][query] POST https://upload-firebasehosting.googleapis.com/upload/sites/maliasport/versions/4950d0f6fda3b53f/files/b42960a3886ca0712a08c092b533f9a544bf1ffcdfc314f7c41e595529969cd9 [none]
[debug] [2026-04-12T12:44:17.235Z] >>> [apiv2][body] POST https://upload-firebasehosting.googleapis.com/upload/sites/maliasport/versions/4950d0f6fda3b53f/files/b42960a3886ca0712a08c092b533f9a544bf1ffcdfc314f7c41e595529969cd9 [stream]
[debug] [2026-04-12T12:44:17.237Z] >>> [apiv2][query] POST https://upload-firebasehosting.googleapis.com/upload/sites/maliasport/versions/4950d0f6fda3b53f/files/af63c2fb47213a77c7cc08528f620a95f5b21f3afb55f317c21c19aa8a7a077e [none]
[debug] [2026-04-12T12:44:17.237Z] >>> [apiv2][body] POST https://upload-firebasehosting.googleapis.com/upload/sites/maliasport/versions/4950d0f6fda3b53f/files/af63c2fb47213a77c7cc08528f620a95f5b21f3afb55f317c21c19aa8a7a077e [stream]
[debug] [2026-04-12T12:44:17.239Z] [hosting][populate queue][FINAL] {"max":825,"min":825,"avg":825,"active":0,"complete":1,"success":1,"errored":0,"retried":0,"total":1,"elapsed":829}
[debug] [2026-04-12T12:44:17.239Z] [hosting] uploads queued: 2
[debug] [2026-04-12T12:44:19.250Z] <<< [apiv2][status] POST https://upload-firebasehosting.googleapis.com/upload/sites/maliasport/versions/4950d0f6fda3b53f/files/af63c2fb47213a77c7cc08528f620a95f5b21f3afb55f317c21c19aa8a7a077e 200
[debug] [2026-04-12T12:44:19.250Z] <<< [apiv2][body] POST https://upload-firebasehosting.googleapis.com/upload/sites/maliasport/versions/4950d0f6fda3b53f/files/af63c2fb47213a77c7cc08528f620a95f5b21f3afb55f317c21c19aa8a7a077e [stream]
[debug] [2026-04-12T12:44:19.612Z] <<< [apiv2][status] POST https://upload-firebasehosting.googleapis.com/upload/sites/maliasport/versions/4950d0f6fda3b53f/files/b42960a3886ca0712a08c092b533f9a544bf1ffcdfc314f7c41e595529969cd9 200
[debug] [2026-04-12T12:44:19.612Z] <<< [apiv2][body] POST https://upload-firebasehosting.googleapis.com/upload/sites/maliasport/versions/4950d0f6fda3b53f/files/b42960a3886ca0712a08c092b533f9a544bf1ffcdfc314f7c41e595529969cd9 [stream]
[debug] [2026-04-12T12:44:19.613Z] [hosting][upload queue][FINAL] {"max":2379,"min":2015,"avg":2197,"active":0,"complete":2,"success":2,"errored":0,"retried":0,"total":2,"elapsed":2379}
[info] +  hosting[maliasport]: file upload complete 
[debug] [2026-04-12T12:44:19.614Z] [hosting] deploy completed after 3224ms
[debug] [2026-04-12T12:44:19.614Z] [
  {
    "config": {
      "public": "dist",
      "ignore": [
        "firebase.json",
        "**/.*",
        "**/node_modules/**"
      ],
      "rewrites": [
        {
          "source": "**",
          "destination": "/index.html"
        }
      ],
      "site": "maliasport"
    },
    "version": "projects/120452345721/sites/maliasport/versions/4950d0f6fda3b53f"
  }
]
[info] i  hosting[maliasport]: finalizing version... 
[debug] [2026-04-12T12:44:19.616Z] Checked if tokens are valid: true, expires at: 1776000180034
[debug] [2026-04-12T12:44:19.616Z] Checked if tokens are valid: true, expires at: 1776000180034
[debug] [2026-04-12T12:44:19.617Z] >>> [apiv2][query] PATCH https://firebasehosting.googleapis.com/v1beta1/projects/-/sites/maliasport/versions/4950d0f6fda3b53f updateMask=status%2Cconfig
[debug] [2026-04-12T12:44:19.617Z] >>> [apiv2][body] PATCH https://firebasehosting.googleapis.com/v1beta1/projects/-/sites/maliasport/versions/4950d0f6fda3b53f {"status":"FINALIZED","config":{"rewrites":[{"glob":"**","path":"/index.html"}]}}
[debug] [2026-04-12T12:44:20.957Z] <<< [apiv2][status] PATCH https://firebasehosting.googleapis.com/v1beta1/projects/-/sites/maliasport/versions/4950d0f6fda3b53f 200
[debug] [2026-04-12T12:44:20.957Z] <<< [apiv2][body] PATCH https://firebasehosting.googleapis.com/v1beta1/projects/-/sites/maliasport/versions/4950d0f6fda3b53f {"name":"projects/120452345721/sites/maliasport/versions/4950d0f6fda3b53f","status":"FINALIZED","config":{"rewrites":[{"glob":"**","path":"/index.html"}]},"labels":{"deployment-tool":"cli-firebase"},"createTime":"2026-04-12T12:44:02.314419Z","createUser":{"email":"maliasportehf@gmail.com"},"finalizeTime":"2026-04-12T12:44:07.657056Z","finalizeUser":{"email":"maliasportehf@gmail.com"}}
[debug] [2026-04-12T12:44:20.957Z] [hosting] finalized version for maliasport:[object Object]
[info] +  hosting[maliasport]: version finalized 
[info] i  hosting[maliasport]: releasing new version... 
[debug] [2026-04-12T12:44:20.958Z] Checked if tokens are valid: true, expires at: 1776000180034
[debug] [2026-04-12T12:44:20.959Z] Checked if tokens are valid: true, expires at: 1776000180034
[debug] [2026-04-12T12:44:20.959Z] >>> [apiv2][query] POST https://firebasehosting.googleapis.com/v1beta1/projects/-/sites/maliasport/channels/live/releases versionName=projects%2F120452345721%2Fsites%2Fmaliasport%2Fversions%2F4950d0f6fda3b53f
[debug] [2026-04-12T12:44:20.959Z] >>> [apiv2][body] POST https://firebasehosting.googleapis.com/v1beta1/projects/-/sites/maliasport/channels/live/releases {}
[debug] [2026-04-12T12:44:23.013Z] <<< [apiv2][status] POST https://firebasehosting.googleapis.com/v1beta1/projects/-/sites/maliasport/channels/live/releases 200
[debug] [2026-04-12T12:45:48.613Z] ----------------------------------------------------------------------
[debug] [2026-04-12T12:45:48.616Z] Command:       C:\Program Files\nodejs\node.exe C:\Users\Friðrik\AppData\Roaming\npm\node_modules\firebase-tools\lib\bin\firebase.js deploy --only hosting --project maliasport
[debug] [2026-04-12T12:45:48.616Z] CLI Version:   15.12.0
[debug] [2026-04-12T12:45:48.616Z] Platform:      win32
[debug] [2026-04-12T12:45:48.616Z] Node Version:  v24.14.0
[debug] [2026-04-12T12:45:48.617Z] Time:          Sun Apr 12 2026 12:45:48 GMT+0000 (Greenwich Mean Time)
[debug] [2026-04-12T12:45:48.617Z] ----------------------------------------------------------------------
[debug] 
[debug] [2026-04-12T12:45:49.631Z] > command requires scopes: ["email","openid","https://www.googleapis.com/auth/cloudplatformprojects.readonly","https://www.googleapis.com/auth/firebase","https://www.googleapis.com/auth/cloud-platform"]
[debug] [2026-04-12T12:45:49.631Z] > authorizing via signed-in user (maliasportehf@gmail.com)
[debug] [2026-04-12T12:45:49.631Z] [iam] checking project maliasport for permissions ["firebase.projects.get","firebasehosting.sites.update"]
[debug] [2026-04-12T12:45:49.632Z] Checked if tokens are valid: true, expires at: 1776000180034
[debug] [2026-04-12T12:45:49.632Z] Checked if tokens are valid: true, expires at: 1776000180034
[debug] [2026-04-12T12:45:49.633Z] >>> [apiv2][query] POST https://cloudresourcemanager.googleapis.com/v1/projects/maliasport:testIamPermissions [none]
[debug] [2026-04-12T12:45:49.633Z] >>> [apiv2][(partial)header] POST https://cloudresourcemanager.googleapis.com/v1/projects/maliasport:testIamPermissions  x-goog-user-project=maliasport
[debug] [2026-04-12T12:45:49.633Z] >>> [apiv2][body] POST https://cloudresourcemanager.googleapis.com/v1/projects/maliasport:testIamPermissions {"permissions":["firebase.projects.get","firebasehosting.sites.update"]}
[debug] [2026-04-12T12:45:50.456Z] <<< [apiv2][status] POST https://cloudresourcemanager.googleapis.com/v1/projects/maliasport:testIamPermissions 200
[debug] [2026-04-12T12:45:50.456Z] <<< [apiv2][body] POST https://cloudresourcemanager.googleapis.com/v1/projects/maliasport:testIamPermissions {"permissions":["firebase.projects.get","firebasehosting.sites.update"]}
[debug] [2026-04-12T12:45:50.457Z] Checked if tokens are valid: true, expires at: 1776000180034
[debug] [2026-04-12T12:45:50.457Z] Checked if tokens are valid: true, expires at: 1776000180034
[debug] [2026-04-12T12:45:50.457Z] >>> [apiv2][query] GET https://firebase.googleapis.com/v1beta1/projects/maliasport [none]
[debug] [2026-04-12T12:45:51.321Z] <<< [apiv2][status] GET https://firebase.googleapis.com/v1beta1/projects/maliasport 200
[debug] [2026-04-12T12:45:51.321Z] <<< [apiv2][body] GET https://firebase.googleapis.com/v1beta1/projects/maliasport {"projectId":"maliasport","projectNumber":"120452345721","displayName":"maliasport","name":"projects/maliasport","resources":{"hostingSite":"maliasport"},"state":"ACTIVE","etag":"1_27339dbd-e7cf-41c7-a1b9-3950acd02f2f"}
[info] 
[info] === Deploying to 'maliasport'...
[info] 
[info] i  deploying hosting 
[debug] [2026-04-12T12:45:51.326Z] Checked if tokens are valid: true, expires at: 1776000180034
[debug] [2026-04-12T12:45:51.326Z] Checked if tokens are valid: true, expires at: 1776000180034
[debug] [2026-04-12T12:45:51.327Z] >>> [apiv2][query] POST https://firebasehosting.googleapis.com/v1beta1/projects/-/sites/maliasport/versions [none]
[debug] [2026-04-12T12:45:51.327Z] >>> [apiv2][body] POST https://firebasehosting.googleapis.com/v1beta1/projects/-/sites/maliasport/versions {"status":"CREATED","labels":{"deployment-tool":"cli-firebase"}}
[debug] [2026-04-12T12:45:53.233Z] <<< [apiv2][status] POST https://firebasehosting.googleapis.com/v1beta1/projects/-/sites/maliasport/versions 200
[debug] [2026-04-12T12:45:53.233Z] <<< [apiv2][body] POST https://firebasehosting.googleapis.com/v1beta1/projects/-/sites/maliasport/versions {"name":"projects/120452345721/sites/maliasport/versions/c4b67b017958db98","status":"CREATED","config":{},"labels":{"deployment-tool":"cli-firebase"}}
[info] i  hosting[maliasport]: beginning deploy... 
[info] i  hosting[maliasport]: found 22 files in dist 
[debug] [2026-04-12T12:45:53.244Z] [hosting] uploading with 200 concurrency
[debug] [2026-04-12T12:45:53.254Z] Checked if tokens are valid: true, expires at: 1776000180034
[debug] [2026-04-12T12:45:53.254Z] Checked if tokens are valid: true, expires at: 1776000180034
[debug] [2026-04-12T12:45:53.255Z] [hosting] hash cache [ZGlzdA] stored for 22 files
[debug] [2026-04-12T12:45:53.256Z] [hosting][hash queue][FINAL] {"max":8,"min":1,"avg":1.4545454545454546,"active":0,"complete":22,"success":22,"errored":0,"retried":0,"total":22,"elapsed":11}
[debug] [2026-04-12T12:45:53.256Z] >>> [apiv2][query] POST https://firebasehosting.googleapis.com/v1beta1/projects/120452345721/sites/maliasport/versions/c4b67b017958db98:populateFiles [none]
[debug] [2026-04-12T12:45:53.256Z] >>> [apiv2][body] POST https://firebasehosting.googleapis.com/v1beta1/projects/120452345721/sites/maliasport/versions/c4b67b017958db98:populateFiles {"files":{"/p9.jpg":"62d7743d7b0552153df4477f4faf7cc4b1168d5a216a83b6a8abfad84234f99c","/p8.jpg":"5a4a1e25650235419b541cde78721b282a7337dd31e496d3ad5eee5ab070abb1","/p7.jpg":"2d4b9d5145093a43cb2c8f70dea4e732de24ca5b1f7ee58b7acfb9f965aaed84","/p6.jpg":"3ab0e5ebe3c21cb40809de72526db42042be461442993d1263982f8d0f27b6c1","/p5.jpg":"8bcc270f385985d17a8fd18b57920a8cacb1797743998d13f09c277a99178363","/p4.jpg":"60ee791d9a2b55e4ea1c7e4572d0aaa30f461f515d17be58f20d6a301555abd9","/p3.jpg":"6509cfafb6dab7e4974b9a757100b73a54ec9548490a7bfdafcc0827b4ba9900","/p2.jpg":"b7772a5343a30b1e140a445c15c4d1b82d9930373be53ec04f2b50d22b363540","/p17.jpg":"895b7354e385a6e55dcc716754de01f2c90005b47271893f530885d567f230c0","/p16.jpg":"3abfdd5ee59fb75df86a8d3ec8f060ace7a446925b106d20692ed0767ec42257","/p15.jpg":"1cab63fe2253b82056921383829527bc84d8132d987c2a2fdb8525eea39a89e7","/p14.jpg":"094c8fcc55e1c1adf8b214f312a5b5c48f1e82b4e8f9b93d1b198a69d1e78f37","/p13.jpg":"8096cdcb0991814d985f087884e6afe33f5503c30be30d93c8234646522c664c","/p12.jpg":"993262f4ed572abcf2ee361e3beb2736a19f8b635ed48574120f2305ab34d542","/p11.jpg":"03cf72b96fed21b3ed2fcb8102144a503b25dc612a198c2278544313f7f06a61","/p10.jpg":"35dc21c0fdef0dd8d1d5dc684493aa0c480195f405ed385d5a8ebbc529d1aaeb","/p1.jpg":"d8524d90096ca7c0017cb2124f3eb494550f03beed8a70cc1f00b4bb9fc8b6cb","/logo.png":"b1111297707a101abad6314a5e7589c7a9ac436919ee3fabed6446c93c97fbaf","/gervigras.jpg":"7d493b7d289d3594293af7aabe2299ff1b1afd3f9c4d5337e4d111c3893af852","/index.html":"d2cf3081dd08de2d1c0414a1070458571d6aec38204d520a39a0e1c7ab14d924","/assets/index-BPsbB8Mt.css":"af63c2fb47213a77c7cc08528f620a95f5b21f3afb55f317c21c19aa8a7a077e","/assets/index-DQ7xx4F9.js":"18b8b2e486fd4f86314e7a6e9243c62ef0d7a436d858a425ee832d004317ca28"}}
[debug] [2026-04-12T12:45:54.085Z] <<< [apiv2][status] POST https://firebasehosting.googleapis.com/v1beta1/projects/120452345721/sites/maliasport/versions/c4b67b017958db98:populateFiles 200
[debug] [2026-04-12T12:45:54.085Z] <<< [apiv2][body] POST https://firebasehosting.googleapis.com/v1beta1/projects/120452345721/sites/maliasport/versions/c4b67b017958db98:populateFiles {"uploadRequiredHashes":["18b8b2e486fd4f86314e7a6e9243c62ef0d7a436d858a425ee832d004317ca28","d2cf3081dd08de2d1c0414a1070458571d6aec38204d520a39a0e1c7ab14d924"],"uploadUrl":"https://upload-firebasehosting.googleapis.com/upload/sites/maliasport/versions/c4b67b017958db98/files"}
[debug] [2026-04-12T12:45:54.086Z] Checked if tokens are valid: true, expires at: 1776000180034
[debug] [2026-04-12T12:45:54.086Z] Checked if tokens are valid: true, expires at: 1776000180034
[debug] [2026-04-12T12:45:54.086Z] Checked if tokens are valid: true, expires at: 1776000180034
[debug] [2026-04-12T12:45:54.086Z] Checked if tokens are valid: true, expires at: 1776000180034
[debug] [2026-04-12T12:45:54.087Z] >>> [apiv2][query] POST https://upload-firebasehosting.googleapis.com/upload/sites/maliasport/versions/c4b67b017958db98/files/18b8b2e486fd4f86314e7a6e9243c62ef0d7a436d858a425ee832d004317ca28 [none]
[debug] [2026-04-12T12:45:54.087Z] >>> [apiv2][body] POST https://upload-firebasehosting.googleapis.com/upload/sites/maliasport/versions/c4b67b017958db98/files/18b8b2e486fd4f86314e7a6e9243c62ef0d7a436d858a425ee832d004317ca28 [stream]
[debug] [2026-04-12T12:45:54.088Z] >>> [apiv2][query] POST https://upload-firebasehosting.googleapis.com/upload/sites/maliasport/versions/c4b67b017958db98/files/d2cf3081dd08de2d1c0414a1070458571d6aec38204d520a39a0e1c7ab14d924 [none]
[debug] [2026-04-12T12:45:54.088Z] >>> [apiv2][body] POST https://upload-firebasehosting.googleapis.com/upload/sites/maliasport/versions/c4b67b017958db98/files/d2cf3081dd08de2d1c0414a1070458571d6aec38204d520a39a0e1c7ab14d924 [stream]
[debug] [2026-04-12T12:45:54.089Z] [hosting][populate queue][FINAL] {"max":832,"min":832,"avg":832,"active":0,"complete":1,"success":1,"errored":0,"retried":0,"total":1,"elapsed":835}
[debug] [2026-04-12T12:45:54.089Z] [hosting] uploads queued: 2
[debug] [2026-04-12T12:45:55.663Z] <<< [apiv2][status] POST https://upload-firebasehosting.googleapis.com/upload/sites/maliasport/versions/c4b67b017958db98/files/d2cf3081dd08de2d1c0414a1070458571d6aec38204d520a39a0e1c7ab14d924 200
[debug] [2026-04-12T12:45:55.664Z] <<< [apiv2][body] POST https://upload-firebasehosting.googleapis.com/upload/sites/maliasport/versions/c4b67b017958db98/files/d2cf3081dd08de2d1c0414a1070458571d6aec38204d520a39a0e1c7ab14d924 [stream]
[debug] [2026-04-12T12:45:55.913Z] <<< [apiv2][status] POST https://upload-firebasehosting.googleapis.com/upload/sites/maliasport/versions/c4b67b017958db98/files/18b8b2e486fd4f86314e7a6e9243c62ef0d7a436d858a425ee832d004317ca28 200
[debug] [2026-04-12T12:45:55.913Z] <<< [apiv2][body] POST https://upload-firebasehosting.googleapis.com/upload/sites/maliasport/versions/c4b67b017958db98/files/18b8b2e486fd4f86314e7a6e9243c62ef0d7a436d858a425ee832d004317ca28 [stream]
[debug] [2026-04-12T12:45:55.913Z] [hosting][upload queue][FINAL] {"max":1828,"min":1578,"avg":1703,"active":0,"complete":2,"success":2,"errored":0,"retried":0,"total":2,"elapsed":1828}
[info] +  hosting[maliasport]: file upload complete 
[debug] [2026-04-12T12:45:55.913Z] [hosting] deploy completed after 2677ms
[debug] [2026-04-12T12:45:55.914Z] [
  {
    "config": {
      "public": "dist",
      "ignore": [
        "firebase.json",
        "**/.*",
        "**/node_modules/**"
      ],
      "rewrites": [
        {
          "source": "**",
          "destination": "/index.html"
        }
      ],
      "site": "maliasport"
    },
    "version": "projects/120452345721/sites/maliasport/versions/c4b67b017958db98"
  }
]
[info] i  hosting[maliasport]: finalizing version... 
[debug] [2026-04-12T12:45:55.915Z] Checked if tokens are valid: true, expires at: 1776000180034
[debug] [2026-04-12T12:45:55.915Z] Checked if tokens are valid: true, expires at: 1776000180034
[debug] [2026-04-12T12:45:55.915Z] >>> [apiv2][query] PATCH https://firebasehosting.googleapis.com/v1beta1/projects/-/sites/maliasport/versions/c4b67b017958db98 updateMask=status%2Cconfig
[debug] [2026-04-12T12:45:55.915Z] >>> [apiv2][body] PATCH https://firebasehosting.googleapis.com/v1beta1/projects/-/sites/maliasport/versions/c4b67b017958db98 {"status":"FINALIZED","config":{"rewrites":[{"glob":"**","path":"/index.html"}]}}
[debug] [2026-04-12T12:45:57.393Z] <<< [apiv2][status] PATCH https://firebasehosting.googleapis.com/v1beta1/projects/-/sites/maliasport/versions/c4b67b017958db98 200
[debug] [2026-04-12T12:45:57.393Z] <<< [apiv2][body] PATCH https://firebasehosting.googleapis.com/v1beta1/projects/-/sites/maliasport/versions/c4b67b017958db98 {"name":"projects/120452345721/sites/maliasport/versions/c4b67b017958db98","status":"FINALIZED","config":{"rewrites":[{"glob":"**","path":"/index.html"}]},"labels":{"deployment-tool":"cli-firebase"},"createTime":"2026-04-12T12:45:38.843358Z","createUser":{"email":"maliasportehf@gmail.com"},"finalizeTime":"2026-04-12T12:45:44.091829Z","finalizeUser":{"email":"maliasportehf@gmail.com"}}
[debug] [2026-04-12T12:45:57.393Z] [hosting] finalized version for maliasport:[object Object]
[info] +  hosting[maliasport]: version finalized 
[info] i  hosting[maliasport]: releasing new version... 
[debug] [2026-04-12T12:45:57.394Z] Checked if tokens are valid: true, expires at: 1776000180034
[debug] [2026-04-12T12:45:57.394Z] Checked if tokens are valid: true, expires at: 1776000180034
[debug] [2026-04-12T12:45:57.394Z] >>> [apiv2][query] POST https://firebasehosting.googleapis.com/v1beta1/projects/-/sites/maliasport/channels/live/releases versionName=projects%2F120452345721%2Fsites%2Fmaliasport%2Fversions%2Fc4b67b017958db98
[debug] [2026-04-12T12:45:57.395Z] >>> [apiv2][body] POST https://firebasehosting.googleapis.com/v1beta1/projects/-/sites/maliasport/channels/live/releases {}
[debug] [2026-04-12T12:45:59.392Z] <<< [apiv2][status] POST https://firebasehosting.googleapis.com/v1beta1/projects/-/sites/maliasport/channels/live/releases 200
[debug] [2026-04-12T12:49:15.971Z] ----------------------------------------------------------------------
[debug] [2026-04-12T12:49:15.972Z] Command:       C:\Program Files\nodejs\node.exe C:\Users\Friðrik\AppData\Roaming\npm\node_modules\firebase-tools\lib\bin\firebase.js deploy --only hosting --project maliasport
[debug] [2026-04-12T12:49:15.972Z] CLI Version:   15.12.0
[debug] [2026-04-12T12:49:15.973Z] Platform:      win32
[debug] [2026-04-12T12:49:15.973Z] Node Version:  v24.14.0
[debug] [2026-04-12T12:49:15.973Z] Time:          Sun Apr 12 2026 12:49:15 GMT+0000 (Greenwich Mean Time)
[debug] [2026-04-12T12:49:15.973Z] ----------------------------------------------------------------------
[debug] 
[debug] [2026-04-12T12:49:17.042Z] > command requires scopes: ["email","openid","https://www.googleapis.com/auth/cloudplatformprojects.readonly","https://www.googleapis.com/auth/firebase","https://www.googleapis.com/auth/cloud-platform"]
[debug] [2026-04-12T12:49:17.043Z] > authorizing via signed-in user (maliasportehf@gmail.com)
[debug] [2026-04-12T12:49:17.043Z] [iam] checking project maliasport for permissions ["firebase.projects.get","firebasehosting.sites.update"]
[debug] [2026-04-12T12:49:17.043Z] Checked if tokens are valid: true, expires at: 1776000180034
[debug] [2026-04-12T12:49:17.043Z] Checked if tokens are valid: true, expires at: 1776000180034
[debug] [2026-04-12T12:49:17.044Z] >>> [apiv2][query] POST https://cloudresourcemanager.googleapis.com/v1/projects/maliasport:testIamPermissions [none]
[debug] [2026-04-12T12:49:17.044Z] >>> [apiv2][(partial)header] POST https://cloudresourcemanager.googleapis.com/v1/projects/maliasport:testIamPermissions  x-goog-user-project=maliasport
[debug] [2026-04-12T12:49:17.044Z] >>> [apiv2][body] POST https://cloudresourcemanager.googleapis.com/v1/projects/maliasport:testIamPermissions {"permissions":["firebase.projects.get","firebasehosting.sites.update"]}
[debug] [2026-04-12T12:49:17.372Z] <<< [apiv2][status] POST https://cloudresourcemanager.googleapis.com/v1/projects/maliasport:testIamPermissions 200
[debug] [2026-04-12T12:49:17.373Z] <<< [apiv2][body] POST https://cloudresourcemanager.googleapis.com/v1/projects/maliasport:testIamPermissions {"permissions":["firebase.projects.get","firebasehosting.sites.update"]}
[debug] [2026-04-12T12:49:17.373Z] Checked if tokens are valid: true, expires at: 1776000180034
[debug] [2026-04-12T12:49:17.373Z] Checked if tokens are valid: true, expires at: 1776000180034
[debug] [2026-04-12T12:49:17.373Z] >>> [apiv2][query] GET https://firebase.googleapis.com/v1beta1/projects/maliasport [none]
[debug] [2026-04-12T12:49:17.810Z] <<< [apiv2][status] GET https://firebase.googleapis.com/v1beta1/projects/maliasport 200
[debug] [2026-04-12T12:49:17.811Z] <<< [apiv2][body] GET https://firebase.googleapis.com/v1beta1/projects/maliasport {"projectId":"maliasport","projectNumber":"120452345721","displayName":"maliasport","name":"projects/maliasport","resources":{"hostingSite":"maliasport"},"state":"ACTIVE","etag":"1_27339dbd-e7cf-41c7-a1b9-3950acd02f2f"}
[info] 
[info] === Deploying to 'maliasport'...
[info] 
[info] i  deploying hosting 
[debug] [2026-04-12T12:49:17.815Z] Checked if tokens are valid: true, expires at: 1776000180034
[debug] [2026-04-12T12:49:17.815Z] Checked if tokens are valid: true, expires at: 1776000180034
[debug] [2026-04-12T12:49:17.815Z] >>> [apiv2][query] POST https://firebasehosting.googleapis.com/v1beta1/projects/-/sites/maliasport/versions [none]
[debug] [2026-04-12T12:49:17.815Z] >>> [apiv2][body] POST https://firebasehosting.googleapis.com/v1beta1/projects/-/sites/maliasport/versions {"status":"CREATED","labels":{"deployment-tool":"cli-firebase"}}
[debug] [2026-04-12T12:49:19.361Z] <<< [apiv2][status] POST https://firebasehosting.googleapis.com/v1beta1/projects/-/sites/maliasport/versions 200
[debug] [2026-04-12T12:49:19.361Z] <<< [apiv2][body] POST https://firebasehosting.googleapis.com/v1beta1/projects/-/sites/maliasport/versions {"name":"projects/120452345721/sites/maliasport/versions/aa1f1539b1588b87","status":"CREATED","config":{},"labels":{"deployment-tool":"cli-firebase"}}
[info] i  hosting[maliasport]: beginning deploy... 
[info] i  hosting[maliasport]: found 22 files in dist 
[debug] [2026-04-12T12:49:19.372Z] [hosting] uploading with 200 concurrency
[debug] [2026-04-12T12:49:19.382Z] Checked if tokens are valid: true, expires at: 1776000180034
[debug] [2026-04-12T12:49:19.382Z] Checked if tokens are valid: true, expires at: 1776000180034
[debug] [2026-04-12T12:49:19.383Z] [hosting] hash cache [ZGlzdA] stored for 22 files
[debug] [2026-04-12T12:49:19.384Z] [hosting][hash queue][FINAL] {"max":7,"min":0,"avg":0.5454545454545454,"active":0,"complete":22,"success":22,"errored":0,"retried":0,"total":22,"elapsed":11}
[debug] [2026-04-12T12:49:19.384Z] >>> [apiv2][query] POST https://firebasehosting.googleapis.com/v1beta1/projects/120452345721/sites/maliasport/versions/aa1f1539b1588b87:populateFiles [none]
[debug] [2026-04-12T12:49:19.384Z] >>> [apiv2][body] POST https://firebasehosting.googleapis.com/v1beta1/projects/120452345721/sites/maliasport/versions/aa1f1539b1588b87:populateFiles {"files":{"/p9.jpg":"62d7743d7b0552153df4477f4faf7cc4b1168d5a216a83b6a8abfad84234f99c","/p8.jpg":"5a4a1e25650235419b541cde78721b282a7337dd31e496d3ad5eee5ab070abb1","/p7.jpg":"2d4b9d5145093a43cb2c8f70dea4e732de24ca5b1f7ee58b7acfb9f965aaed84","/p6.jpg":"3ab0e5ebe3c21cb40809de72526db42042be461442993d1263982f8d0f27b6c1","/p5.jpg":"8bcc270f385985d17a8fd18b57920a8cacb1797743998d13f09c277a99178363","/p4.jpg":"60ee791d9a2b55e4ea1c7e4572d0aaa30f461f515d17be58f20d6a301555abd9","/p3.jpg":"6509cfafb6dab7e4974b9a757100b73a54ec9548490a7bfdafcc0827b4ba9900","/p2.jpg":"b7772a5343a30b1e140a445c15c4d1b82d9930373be53ec04f2b50d22b363540","/p17.jpg":"895b7354e385a6e55dcc716754de01f2c90005b47271893f530885d567f230c0","/p16.jpg":"3abfdd5ee59fb75df86a8d3ec8f060ace7a446925b106d20692ed0767ec42257","/p15.jpg":"1cab63fe2253b82056921383829527bc84d8132d987c2a2fdb8525eea39a89e7","/p14.jpg":"094c8fcc55e1c1adf8b214f312a5b5c48f1e82b4e8f9b93d1b198a69d1e78f37","/p13.jpg":"8096cdcb0991814d985f087884e6afe33f5503c30be30d93c8234646522c664c","/p12.jpg":"993262f4ed572abcf2ee361e3beb2736a19f8b635ed48574120f2305ab34d542","/p11.jpg":"03cf72b96fed21b3ed2fcb8102144a503b25dc612a198c2278544313f7f06a61","/p10.jpg":"35dc21c0fdef0dd8d1d5dc684493aa0c480195f405ed385d5a8ebbc529d1aaeb","/p1.jpg":"d8524d90096ca7c0017cb2124f3eb494550f03beed8a70cc1f00b4bb9fc8b6cb","/logo.png":"b1111297707a101abad6314a5e7589c7a9ac436919ee3fabed6446c93c97fbaf","/gervigras.jpg":"7d493b7d289d3594293af7aabe2299ff1b1afd3f9c4d5337e4d111c3893af852","/index.html":"1921ef58a69a3a877ba10d6b2ad8325a279f7d819139b796582299eb1cff64d7","/assets/index-BPsbB8Mt.css":"af63c2fb47213a77c7cc08528f620a95f5b21f3afb55f317c21c19aa8a7a077e","/assets/index-DYxo9xly.js":"e8e2489d29a34346a4dcd4f0c52d5e07ae9bfd2d3c8a404b7f740e07ccf78a8d"}}
[debug] [2026-04-12T12:49:20.952Z] <<< [apiv2][status] POST https://firebasehosting.googleapis.com/v1beta1/projects/120452345721/sites/maliasport/versions/aa1f1539b1588b87:populateFiles 200
[debug] [2026-04-12T12:49:20.953Z] <<< [apiv2][body] POST https://firebasehosting.googleapis.com/v1beta1/projects/120452345721/sites/maliasport/versions/aa1f1539b1588b87:populateFiles {"uploadRequiredHashes":["1921ef58a69a3a877ba10d6b2ad8325a279f7d819139b796582299eb1cff64d7","e8e2489d29a34346a4dcd4f0c52d5e07ae9bfd2d3c8a404b7f740e07ccf78a8d"],"uploadUrl":"https://upload-firebasehosting.googleapis.com/upload/sites/maliasport/versions/aa1f1539b1588b87/files"}
[debug] [2026-04-12T12:49:20.954Z] Checked if tokens are valid: true, expires at: 1776000180034
[debug] [2026-04-12T12:49:20.954Z] Checked if tokens are valid: true, expires at: 1776000180034
[debug] [2026-04-12T12:49:20.954Z] Checked if tokens are valid: true, expires at: 1776000180034
[debug] [2026-04-12T12:49:20.955Z] Checked if tokens are valid: true, expires at: 1776000180034
[debug] [2026-04-12T12:49:20.955Z] >>> [apiv2][query] POST https://upload-firebasehosting.googleapis.com/upload/sites/maliasport/versions/aa1f1539b1588b87/files/1921ef58a69a3a877ba10d6b2ad8325a279f7d819139b796582299eb1cff64d7 [none]
[debug] [2026-04-12T12:49:20.955Z] >>> [apiv2][body] POST https://upload-firebasehosting.googleapis.com/upload/sites/maliasport/versions/aa1f1539b1588b87/files/1921ef58a69a3a877ba10d6b2ad8325a279f7d819139b796582299eb1cff64d7 [stream]
[debug] [2026-04-12T12:49:20.957Z] >>> [apiv2][query] POST https://upload-firebasehosting.googleapis.com/upload/sites/maliasport/versions/aa1f1539b1588b87/files/e8e2489d29a34346a4dcd4f0c52d5e07ae9bfd2d3c8a404b7f740e07ccf78a8d [none]
[debug] [2026-04-12T12:49:20.957Z] >>> [apiv2][body] POST https://upload-firebasehosting.googleapis.com/upload/sites/maliasport/versions/aa1f1539b1588b87/files/e8e2489d29a34346a4dcd4f0c52d5e07ae9bfd2d3c8a404b7f740e07ccf78a8d [stream]
[debug] [2026-04-12T12:49:20.958Z] [hosting][populate queue][FINAL] {"max":1573,"min":1573,"avg":1573,"active":0,"complete":1,"success":1,"errored":0,"retried":0,"total":1,"elapsed":1576}
[debug] [2026-04-12T12:49:20.958Z] [hosting] uploads queued: 2
[debug] [2026-04-12T12:49:22.516Z] <<< [apiv2][status] POST https://upload-firebasehosting.googleapis.com/upload/sites/maliasport/versions/aa1f1539b1588b87/files/1921ef58a69a3a877ba10d6b2ad8325a279f7d819139b796582299eb1cff64d7 200
[debug] [2026-04-12T12:49:22.516Z] <<< [apiv2][body] POST https://upload-firebasehosting.googleapis.com/upload/sites/maliasport/versions/aa1f1539b1588b87/files/1921ef58a69a3a877ba10d6b2ad8325a279f7d819139b796582299eb1cff64d7 [stream]
[debug] [2026-04-12T12:49:23.248Z] <<< [apiv2][status] POST https://upload-firebasehosting.googleapis.com/upload/sites/maliasport/versions/aa1f1539b1588b87/files/e8e2489d29a34346a4dcd4f0c52d5e07ae9bfd2d3c8a404b7f740e07ccf78a8d 200
[debug] [2026-04-12T12:49:23.248Z] <<< [apiv2][body] POST https://upload-firebasehosting.googleapis.com/upload/sites/maliasport/versions/aa1f1539b1588b87/files/e8e2489d29a34346a4dcd4f0c52d5e07ae9bfd2d3c8a404b7f740e07ccf78a8d [stream]
[debug] [2026-04-12T12:49:23.249Z] [hosting][upload queue][FINAL] {"max":2295,"min":1563,"avg":1929,"active":0,"complete":2,"success":2,"errored":0,"retried":0,"total":2,"elapsed":2296}
[info] +  hosting[maliasport]: file upload complete 
[debug] [2026-04-12T12:49:23.250Z] [hosting] deploy completed after 3887ms
[debug] [2026-04-12T12:49:23.250Z] [
  {
    "config": {
      "public": "dist",
      "ignore": [
        "firebase.json",
        "**/.*",
        "**/node_modules/**"
      ],
      "rewrites": [
        {
          "source": "**",
          "destination": "/index.html"
        }
      ],
      "site": "maliasport"
    },
    "version": "projects/120452345721/sites/maliasport/versions/aa1f1539b1588b87"
  }
]
[info] i  hosting[maliasport]: finalizing version... 
[debug] [2026-04-12T12:49:23.252Z] Checked if tokens are valid: true, expires at: 1776000180034
[debug] [2026-04-12T12:49:23.252Z] Checked if tokens are valid: true, expires at: 1776000180034
[debug] [2026-04-12T12:49:23.252Z] >>> [apiv2][query] PATCH https://firebasehosting.googleapis.com/v1beta1/projects/-/sites/maliasport/versions/aa1f1539b1588b87 updateMask=status%2Cconfig
[debug] [2026-04-12T12:49:23.252Z] >>> [apiv2][body] PATCH https://firebasehosting.googleapis.com/v1beta1/projects/-/sites/maliasport/versions/aa1f1539b1588b87 {"status":"FINALIZED","config":{"rewrites":[{"glob":"**","path":"/index.html"}]}}
[debug] [2026-04-12T12:49:24.848Z] <<< [apiv2][status] PATCH https://firebasehosting.googleapis.com/v1beta1/projects/-/sites/maliasport/versions/aa1f1539b1588b87 200
[debug] [2026-04-12T12:49:24.848Z] <<< [apiv2][body] PATCH https://firebasehosting.googleapis.com/v1beta1/projects/-/sites/maliasport/versions/aa1f1539b1588b87 {"name":"projects/120452345721/sites/maliasport/versions/aa1f1539b1588b87","status":"FINALIZED","config":{"rewrites":[{"glob":"**","path":"/index.html"}]},"labels":{"deployment-tool":"cli-firebase"},"createTime":"2026-04-12T12:49:05.434851Z","createUser":{"email":"maliasportehf@gmail.com"},"finalizeTime":"2026-04-12T12:49:11.511803Z","finalizeUser":{"email":"maliasportehf@gmail.com"}}
[debug] [2026-04-12T12:49:24.848Z] [hosting] finalized version for maliasport:[object Object]
[info] +  hosting[maliasport]: version finalized 
[info] i  hosting[maliasport]: releasing new version... 
[debug] [2026-04-12T12:49:24.849Z] Checked if tokens are valid: true, expires at: 1776000180034
[debug] [2026-04-12T12:49:24.849Z] Checked if tokens are valid: true, expires at: 1776000180034
[debug] [2026-04-12T12:49:24.849Z] >>> [apiv2][query] POST https://firebasehosting.googleapis.com/v1beta1/projects/-/sites/maliasport/channels/live/releases versionName=projects%2F120452345721%2Fsites%2Fmaliasport%2Fversions%2Faa1f1539b1588b87
[debug] [2026-04-12T12:49:24.849Z] >>> [apiv2][body] POST https://firebasehosting.googleapis.com/v1beta1/projects/-/sites/maliasport/channels/live/releases {}
[debug] [2026-04-12T12:49:27.012Z] <<< [apiv2][status] POST https://firebasehosting.googleapis.com/v1beta1/projects/-/sites/maliasport/channels/live/releases 200
[debug] [2026-04-12T13:00:20.950Z] ----------------------------------------------------------------------
[debug] [2026-04-12T13:00:20.952Z] Command:       C:\Program Files\nodejs\node.exe C:\Users\Friðrik\AppData\Roaming\npm\node_modules\firebase-tools\lib\bin\firebase.js deploy --only hosting --project maliasport
[debug] [2026-04-12T13:00:20.952Z] CLI Version:   15.12.0
[debug] [2026-04-12T13:00:20.952Z] Platform:      win32
[debug] [2026-04-12T13:00:20.952Z] Node Version:  v24.14.0
[debug] [2026-04-12T13:00:20.953Z] Time:          Sun Apr 12 2026 13:00:20 GMT+0000 (Greenwich Mean Time)
[debug] [2026-04-12T13:00:20.953Z] ----------------------------------------------------------------------
[debug] 
[debug] [2026-04-12T13:00:21.988Z] > command requires scopes: ["email","openid","https://www.googleapis.com/auth/cloudplatformprojects.readonly","https://www.googleapis.com/auth/firebase","https://www.googleapis.com/auth/cloud-platform"]
[debug] [2026-04-12T13:00:21.988Z] > authorizing via signed-in user (maliasportehf@gmail.com)
[debug] [2026-04-12T13:00:21.988Z] [iam] checking project maliasport for permissions ["firebase.projects.get","firebasehosting.sites.update"]
[debug] [2026-04-12T13:00:21.989Z] Checked if tokens are valid: true, expires at: 1776000180034
[debug] [2026-04-12T13:00:21.989Z] Checked if tokens are valid: true, expires at: 1776000180034
[debug] [2026-04-12T13:00:21.990Z] >>> [apiv2][query] POST https://cloudresourcemanager.googleapis.com/v1/projects/maliasport:testIamPermissions [none]
[debug] [2026-04-12T13:00:21.990Z] >>> [apiv2][(partial)header] POST https://cloudresourcemanager.googleapis.com/v1/projects/maliasport:testIamPermissions  x-goog-user-project=maliasport
[debug] [2026-04-12T13:00:21.990Z] >>> [apiv2][body] POST https://cloudresourcemanager.googleapis.com/v1/projects/maliasport:testIamPermissions {"permissions":["firebase.projects.get","firebasehosting.sites.update"]}
[debug] [2026-04-12T13:00:22.856Z] <<< [apiv2][status] POST https://cloudresourcemanager.googleapis.com/v1/projects/maliasport:testIamPermissions 200
[debug] [2026-04-12T13:00:22.856Z] <<< [apiv2][body] POST https://cloudresourcemanager.googleapis.com/v1/projects/maliasport:testIamPermissions {"permissions":["firebase.projects.get","firebasehosting.sites.update"]}
[debug] [2026-04-12T13:00:22.856Z] Checked if tokens are valid: true, expires at: 1776000180034
[debug] [2026-04-12T13:00:22.856Z] Checked if tokens are valid: true, expires at: 1776000180034
[debug] [2026-04-12T13:00:22.857Z] >>> [apiv2][query] GET https://firebase.googleapis.com/v1beta1/projects/maliasport [none]
[debug] [2026-04-12T13:00:23.302Z] <<< [apiv2][status] GET https://firebase.googleapis.com/v1beta1/projects/maliasport 200
[debug] [2026-04-12T13:00:23.302Z] <<< [apiv2][body] GET https://firebase.googleapis.com/v1beta1/projects/maliasport {"projectId":"maliasport","projectNumber":"120452345721","displayName":"maliasport","name":"projects/maliasport","resources":{"hostingSite":"maliasport"},"state":"ACTIVE","etag":"1_27339dbd-e7cf-41c7-a1b9-3950acd02f2f"}
[info] 
[info] === Deploying to 'maliasport'...
[info] 
[info] i  deploying hosting 
[debug] [2026-04-12T13:00:23.308Z] Checked if tokens are valid: true, expires at: 1776000180034
[debug] [2026-04-12T13:00:23.308Z] Checked if tokens are valid: true, expires at: 1776000180034
[debug] [2026-04-12T13:00:23.308Z] >>> [apiv2][query] POST https://firebasehosting.googleapis.com/v1beta1/projects/-/sites/maliasport/versions [none]
[debug] [2026-04-12T13:00:23.308Z] >>> [apiv2][body] POST https://firebasehosting.googleapis.com/v1beta1/projects/-/sites/maliasport/versions {"status":"CREATED","labels":{"deployment-tool":"cli-firebase"}}
[debug] [2026-04-12T13:00:24.995Z] <<< [apiv2][status] POST https://firebasehosting.googleapis.com/v1beta1/projects/-/sites/maliasport/versions 200
[debug] [2026-04-12T13:00:24.996Z] <<< [apiv2][body] POST https://firebasehosting.googleapis.com/v1beta1/projects/-/sites/maliasport/versions {"name":"projects/120452345721/sites/maliasport/versions/3d437e7d6449793a","status":"CREATED","config":{},"labels":{"deployment-tool":"cli-firebase"}}
[info] i  hosting[maliasport]: beginning deploy... 
[info] i  hosting[maliasport]: found 22 files in dist 
[debug] [2026-04-12T13:00:25.006Z] [hosting] uploading with 200 concurrency
[debug] [2026-04-12T13:00:25.016Z] Checked if tokens are valid: true, expires at: 1776000180034
[debug] [2026-04-12T13:00:25.016Z] Checked if tokens are valid: true, expires at: 1776000180034
[debug] [2026-04-12T13:00:25.016Z] [hosting] hash cache [ZGlzdA] stored for 22 files
[debug] [2026-04-12T13:00:25.017Z] [hosting][hash queue][FINAL] {"max":7,"min":0,"avg":0.5454545454545454,"active":0,"complete":22,"success":22,"errored":0,"retried":0,"total":22,"elapsed":10}
[debug] [2026-04-12T13:00:25.017Z] >>> [apiv2][query] POST https://firebasehosting.googleapis.com/v1beta1/projects/120452345721/sites/maliasport/versions/3d437e7d6449793a:populateFiles [none]
[debug] [2026-04-12T13:00:25.017Z] >>> [apiv2][body] POST https://firebasehosting.googleapis.com/v1beta1/projects/120452345721/sites/maliasport/versions/3d437e7d6449793a:populateFiles {"files":{"/p9.jpg":"62d7743d7b0552153df4477f4faf7cc4b1168d5a216a83b6a8abfad84234f99c","/p8.jpg":"5a4a1e25650235419b541cde78721b282a7337dd31e496d3ad5eee5ab070abb1","/p7.jpg":"2d4b9d5145093a43cb2c8f70dea4e732de24ca5b1f7ee58b7acfb9f965aaed84","/p6.jpg":"3ab0e5ebe3c21cb40809de72526db42042be461442993d1263982f8d0f27b6c1","/p5.jpg":"8bcc270f385985d17a8fd18b57920a8cacb1797743998d13f09c277a99178363","/p4.jpg":"60ee791d9a2b55e4ea1c7e4572d0aaa30f461f515d17be58f20d6a301555abd9","/p3.jpg":"6509cfafb6dab7e4974b9a757100b73a54ec9548490a7bfdafcc0827b4ba9900","/p2.jpg":"b7772a5343a30b1e140a445c15c4d1b82d9930373be53ec04f2b50d22b363540","/p17.jpg":"895b7354e385a6e55dcc716754de01f2c90005b47271893f530885d567f230c0","/p16.jpg":"3abfdd5ee59fb75df86a8d3ec8f060ace7a446925b106d20692ed0767ec42257","/p15.jpg":"1cab63fe2253b82056921383829527bc84d8132d987c2a2fdb8525eea39a89e7","/p14.jpg":"094c8fcc55e1c1adf8b214f312a5b5c48f1e82b4e8f9b93d1b198a69d1e78f37","/p13.jpg":"8096cdcb0991814d985f087884e6afe33f5503c30be30d93c8234646522c664c","/p12.jpg":"993262f4ed572abcf2ee361e3beb2736a19f8b635ed48574120f2305ab34d542","/p11.jpg":"03cf72b96fed21b3ed2fcb8102144a503b25dc612a198c2278544313f7f06a61","/p10.jpg":"35dc21c0fdef0dd8d1d5dc684493aa0c480195f405ed385d5a8ebbc529d1aaeb","/p1.jpg":"d8524d90096ca7c0017cb2124f3eb494550f03beed8a70cc1f00b4bb9fc8b6cb","/logo.png":"b1111297707a101abad6314a5e7589c7a9ac436919ee3fabed6446c93c97fbaf","/gervigras.jpg":"7d493b7d289d3594293af7aabe2299ff1b1afd3f9c4d5337e4d111c3893af852","/index.html":"c6de2d0af2abbb52c76d311048e35137d66c5d4e8e2b9c61272b7c9bdd1235fe","/assets/index-BPsbB8Mt.css":"af63c2fb47213a77c7cc08528f620a95f5b21f3afb55f317c21c19aa8a7a077e","/assets/index-C-VI22gi.js":"3fea4a90bfd2d7be8eb38272d1bf67da2cdc05f366d38d799fdb652fa0fdd6a1"}}
[debug] [2026-04-12T13:00:25.731Z] <<< [apiv2][status] POST https://firebasehosting.googleapis.com/v1beta1/projects/120452345721/sites/maliasport/versions/3d437e7d6449793a:populateFiles 200
[debug] [2026-04-12T13:00:25.732Z] <<< [apiv2][body] POST https://firebasehosting.googleapis.com/v1beta1/projects/120452345721/sites/maliasport/versions/3d437e7d6449793a:populateFiles {"uploadRequiredHashes":["3fea4a90bfd2d7be8eb38272d1bf67da2cdc05f366d38d799fdb652fa0fdd6a1","c6de2d0af2abbb52c76d311048e35137d66c5d4e8e2b9c61272b7c9bdd1235fe"],"uploadUrl":"https://upload-firebasehosting.googleapis.com/upload/sites/maliasport/versions/3d437e7d6449793a/files"}
[debug] [2026-04-12T13:00:25.732Z] Checked if tokens are valid: true, expires at: 1776000180034
[debug] [2026-04-12T13:00:25.732Z] Checked if tokens are valid: true, expires at: 1776000180034
[debug] [2026-04-12T13:00:25.733Z] Checked if tokens are valid: true, expires at: 1776000180034
[debug] [2026-04-12T13:00:25.733Z] Checked if tokens are valid: true, expires at: 1776000180034
[debug] [2026-04-12T13:00:25.733Z] >>> [apiv2][query] POST https://upload-firebasehosting.googleapis.com/upload/sites/maliasport/versions/3d437e7d6449793a/files/3fea4a90bfd2d7be8eb38272d1bf67da2cdc05f366d38d799fdb652fa0fdd6a1 [none]
[debug] [2026-04-12T13:00:25.733Z] >>> [apiv2][body] POST https://upload-firebasehosting.googleapis.com/upload/sites/maliasport/versions/3d437e7d6449793a/files/3fea4a90bfd2d7be8eb38272d1bf67da2cdc05f366d38d799fdb652fa0fdd6a1 [stream]
[debug] [2026-04-12T13:00:25.734Z] >>> [apiv2][query] POST https://upload-firebasehosting.googleapis.com/upload/sites/maliasport/versions/3d437e7d6449793a/files/c6de2d0af2abbb52c76d311048e35137d66c5d4e8e2b9c61272b7c9bdd1235fe [none]
[debug] [2026-04-12T13:00:25.734Z] >>> [apiv2][body] POST https://upload-firebasehosting.googleapis.com/upload/sites/maliasport/versions/3d437e7d6449793a/files/c6de2d0af2abbb52c76d311048e35137d66c5d4e8e2b9c61272b7c9bdd1235fe [stream]
[debug] [2026-04-12T13:00:25.735Z] [hosting][populate queue][FINAL] {"max":718,"min":718,"avg":718,"active":0,"complete":1,"success":1,"errored":0,"retried":0,"total":1,"elapsed":720}
[debug] [2026-04-12T13:00:25.735Z] [hosting] uploads queued: 2
[debug] [2026-04-12T13:00:27.233Z] <<< [apiv2][status] POST https://upload-firebasehosting.googleapis.com/upload/sites/maliasport/versions/3d437e7d6449793a/files/3fea4a90bfd2d7be8eb38272d1bf67da2cdc05f366d38d799fdb652fa0fdd6a1 200
[debug] [2026-04-12T13:00:27.233Z] <<< [apiv2][body] POST https://upload-firebasehosting.googleapis.com/upload/sites/maliasport/versions/3d437e7d6449793a/files/3fea4a90bfd2d7be8eb38272d1bf67da2cdc05f366d38d799fdb652fa0fdd6a1 [stream]
[debug] [2026-04-12T13:00:27.743Z] <<< [apiv2][status] POST https://upload-firebasehosting.googleapis.com/upload/sites/maliasport/versions/3d437e7d6449793a/files/c6de2d0af2abbb52c76d311048e35137d66c5d4e8e2b9c61272b7c9bdd1235fe 200
[debug] [2026-04-12T13:00:27.743Z] <<< [apiv2][body] POST https://upload-firebasehosting.googleapis.com/upload/sites/maliasport/versions/3d437e7d6449793a/files/c6de2d0af2abbb52c76d311048e35137d66c5d4e8e2b9c61272b7c9bdd1235fe [stream]
[debug] [2026-04-12T13:00:27.743Z] [hosting][upload queue][FINAL] {"max":2011,"min":1502,"avg":1756.5,"active":0,"complete":2,"success":2,"errored":0,"retried":0,"total":2,"elapsed":2011}
[info] +  hosting[maliasport]: file upload complete 
[debug] [2026-04-12T13:00:27.744Z] [hosting] deploy completed after 2746ms
[debug] [2026-04-12T13:00:27.744Z] [
  {
    "config": {
      "public": "dist",
      "ignore": [
        "firebase.json",
        "**/.*",
        "**/node_modules/**"
      ],
      "rewrites": [
        {
          "source": "**",
          "destination": "/index.html"
        }
      ],
      "site": "maliasport"
    },
    "version": "projects/120452345721/sites/maliasport/versions/3d437e7d6449793a"
  }
]
[info] i  hosting[maliasport]: finalizing version... 
[debug] [2026-04-12T13:00:27.745Z] Checked if tokens are valid: true, expires at: 1776000180034
[debug] [2026-04-12T13:00:27.745Z] Checked if tokens are valid: true, expires at: 1776000180034
[debug] [2026-04-12T13:00:27.746Z] >>> [apiv2][query] PATCH https://firebasehosting.googleapis.com/v1beta1/projects/-/sites/maliasport/versions/3d437e7d6449793a updateMask=status%2Cconfig
[debug] [2026-04-12T13:00:27.746Z] >>> [apiv2][body] PATCH https://firebasehosting.googleapis.com/v1beta1/projects/-/sites/maliasport/versions/3d437e7d6449793a {"status":"FINALIZED","config":{"rewrites":[{"glob":"**","path":"/index.html"}]}}
[debug] [2026-04-12T13:00:29.170Z] <<< [apiv2][status] PATCH https://firebasehosting.googleapis.com/v1beta1/projects/-/sites/maliasport/versions/3d437e7d6449793a 200
[debug] [2026-04-12T13:00:29.171Z] <<< [apiv2][body] PATCH https://firebasehosting.googleapis.com/v1beta1/projects/-/sites/maliasport/versions/3d437e7d6449793a {"name":"projects/120452345721/sites/maliasport/versions/3d437e7d6449793a","status":"FINALIZED","config":{"rewrites":[{"glob":"**","path":"/index.html"}]},"labels":{"deployment-tool":"cli-firebase"},"createTime":"2026-04-12T13:00:10.966277Z","createUser":{"email":"maliasportehf@gmail.com"},"finalizeTime":"2026-04-12T13:00:15.898332Z","finalizeUser":{"email":"maliasportehf@gmail.com"}}
[debug] [2026-04-12T13:00:29.171Z] [hosting] finalized version for maliasport:[object Object]
[info] +  hosting[maliasport]: version finalized 
[info] i  hosting[maliasport]: releasing new version... 
[debug] [2026-04-12T13:00:29.171Z] Checked if tokens are valid: true, expires at: 1776000180034
[debug] [2026-04-12T13:00:29.171Z] Checked if tokens are valid: true, expires at: 1776000180034
[debug] [2026-04-12T13:00:29.172Z] >>> [apiv2][query] POST https://firebasehosting.googleapis.com/v1beta1/projects/-/sites/maliasport/channels/live/releases versionName=projects%2F120452345721%2Fsites%2Fmaliasport%2Fversions%2F3d437e7d6449793a
[debug] [2026-04-12T13:00:29.172Z] >>> [apiv2][body] POST https://firebasehosting.googleapis.com/v1beta1/projects/-/sites/maliasport/channels/live/releases {}
[debug] [2026-04-12T13:00:31.067Z] <<< [apiv2][status] POST https://firebasehosting.googleapis.com/v1beta1/projects/-/sites/maliasport/channels/live/releases 200
